このマップは モンスターから逃げられません。,You can't run from monsters on this map.
せんれきに　登録された！,was registered in your Records!
おまんじゅうの入った折詰,Steamed Bread Packed in a Box
あこがれの称号さ見てえ！,I Always Wanted This Title
さらば愛しのシシカバブ！,Farewell Dear Shish-Kebab!
はんなり　おもてなしの色,Color of Fine Hospitality
まもの博士の研究レポート,Monster Doctor's Research
おねがいチェルシー先生！,Oh, Please, Miss Chelsea!
さらば愛しきポイックリン,Farewell, My Dear Poiclin
これって神のお告げなの？,Is This a Sign From God?
ごめんなさいを言いたくて,I Want to Say I'm Sorry
わくわくエキシビション♪,Exciting Exhibition ♪
ようこそ♪ひよっ子ちゃん,Welcome ♪ Young Child
うふ♪まだまだ甘ちゃんね,Smiling ♪ Sweet Girl
お得な無料キャンペーン！,Free Deal Promotion!
お願いベントラーコイン！,Please Bentler Coin!
さらに上を目指すっしょ？,You'll Aim Higher?
ただの　しかばねのようだ,It's just a corpse
その翼は未来へと羽ばたく,Wings Soar to the Future
かばんを持てない者たちへ,To Those With Full Bags
いばらの巫女と滅びの神,Thorny Maiden and the God of Destruction
いたスト・銀行＆城マス,Fortune Street - Bank
しぐさ書・天灯１０周年,Emote "Lantern 10th Anniversary"
まもの使いハウス・牧舎,Monster Master House - Stables
たれ茶トラ太猫カプセル,Fat Lazy Brown Tabby Toy
お姫様のパーティ机・橙,Princess Party Table
いたずらもぐらの像・庭,Mischievous Mole Statue (G)
たれキナリ太猫カプセル,Fat Lazy Kinari Cat Toy
さまようよろいの像・庭,Restless Armour Statue (G)
きせかえドール・プク男,Pukulipo Dress-Up Doll (M)
きせかえドールプク男＋,Pukulipo Dress-Up Doll+ (M)
きせかえドール・プク女,Pukulipo Dress-Up Doll (F)
きせかえドールプク女＋,Pukulipo Dress-Up Doll+ (F)
たれ黒猫オッドカプセル,Odd Lazy Black Cat Toy
こげ茶キツネ猫カプセル,Olive Fox Cat Toy
ふわふわ雲オブジェ・虹,Fluffy Cloud Curio
いたスト・ラッキーマス,Fortune Street - Lucky
もんもん　モーモン訪問,Tense Teeny Sanguini Visit
あまたの願いを求めて２,In Search of More Wishes 2
かっこよクモかわいクモ,Cool Spiders, Cute Spiders
お姫様のカウンタ大・橙,Princess Counter L
お姫様のカウンタ小・橙,Princess Counter S
たんすミミックの像・庭,Wardrobe Mimic Statue (G)
いたスト・トランプマス,Fortune Street - Card
はにわにんぎょう像・庭,Clay Mannequin Statue (G)
はくばのおうじの像・庭,Prince Harming Statue (G)
いにしえの聖賢を訪ねて,Visiting the Ancient Sage
まもの使いは　いかが？,How About Monster Master?
あの人に追いつきたくて,I Want to Catch Up to Them
あるある川柳２０２３銀,Haiku 2023 Silver
あるある川柳２０２３銅,Haiku 2023 Bronze
うごくせきぞうの像・庭,Living Statue Statue (G)
きようさにくまんの秘密,Deft Meat Buns Recipe
いやしのムニエルを得る,Mending Meuniere Recipe
ほのおのブーメランの書,Flametang Book
だいだいカメリアのタネ,Sour Orange Camellia Seed
お熱いのが好きでしょ♪,You Like Being in Love ♪
いにしえの遺志を継ぐ者,Heir to Ancient's Legacy
あなたが戻るその日まで,Until the Day You Return
お庭用ドラポヨモニター,Tubby Dracky Monitor (G)
ご近所なかよしボックス,Neighborhood Friend Box
しぐさ書・綿毛タンポラ,Emote "Fluff Dandelion"
おもちゃの四角い家・雪,Toy Square House (Snow)
お姫様のテーブル小・橙,Princess Table S
お姫様のテーブル大・橙,Princess Table L
きせかえドール・人間男,Human Dress-Up Doll (M)
きせかえドール・人間女,Human Dress-Up Doll (F)
おばけキャンドル像・庭,Wax Murderer Statue (G)
きせかえドール人間男＋,Human Dress-Up Doll+ (M)
きせかえドール人間女＋,Human Dress-Up Doll+ (F)
きせかえドールオガ男＋,Ogre Dress-Up Doll+ (M)
きせかえドールオガ女＋,Ogre Dress-Up Doll+ (F)
きせかえドール・ウェ男,Weddie Dress-Up Doll (M)
きせかえドールウェ男＋,Weddie Dress-Up Doll+ (M)
きせかえドール・ウェ女,Weddie Dress-Up Doll (F)
きせかえドールウェ女＋,Weddie Dress-Up Doll+ (F)
きせかえドール・ドワ男,Dwarf Dress-Up Doll (M)
きせかえドールドワ男＋,Dwarf Dress-Up Doll+ (M)
きせかえドール・ドワ女,Dwarf Dress-Up Doll (F)
きせかえドールドワ女＋,Dwarf Dress-Up Doll+ (F)
ふわふわ雲のライト図鑑,Fluffy Cloud Light Book
まじゅうのツメの作り方,How to Make Beast Claws
うろこのよろいの作り方,How to Make Scale Armor
くすしのローブの作り方,Make Apothecary Clothes
みわくのリボンの作り方,How to Make a Hypnowhip
まてきのスティック物語,Brouhaha Boomstick Tale
ふわふわ雲オブジェ・星,Fluffy Cloud Star Curio
お正月ザンクローネ・酉,White New Year Zankrone
こどもの日ザンクローネ,Children's Day Zankrone
とある親友同士の肖像画,2 Best Friends Portrait
よみがえる踊り子の伝説,Revived Dancer's Legend
のぼれ！　不思議の魔塔,Climb! Mysterious Tower
あこがれのエステラさま,I Long for You, Estella
しぐさ書・お祝いリボン,Emote "Congrats Ribbon"
あるある川柳２０２３金,Haiku 2023 Gold
たそがれの路地裏の門柱,Twilight Alley Gatepost
しぐさ書・ダンシング紫,Emote "Dancing Purple"
きせかえドール・オガ男,Ogre Dress-Up Doll (M)
きせかえドール・オガ女,Ogre Dress-Up Doll (F)
きせかえドールエル男＋,Elf Dress-Up Doll+ (M)
きせかえドールエル女＋,Elf Dress-Up Doll+ (F)
おおばさみ作りのヒント,Sizable Scissors Making
まもりのローブの作り方,Safety Outift Book
まどうしのころも作成術,Making a Wizard Outfit
いなずまのやりのレシピ,Lightning Lance Recipe
ふしぎなトゲつきしっぽ,Mysterious Spiked Tail
おもちゃセット大図鑑２,Toy Encyclopedia Set 2
おもちゃセット大図鑑３,Toy Encyclopedia Set 3
お姫様のインテリアの本,Princess Interior Book
わかるエンジェル早詠術,Angel's Poetry Insight
しぐさ書・お重をどうぞ,Emote "Offer Food Box"
ふくびき夫婦のおみくじ,Lottery Couple Fortune
お土産屋さんの番傘飾り,Souvenir Shop Umbrella
たたかいの準備ボックス,Battle Preparation Box
しぐさ書・どうぐ最適術,Emote "Item Technique"
こちら　レンジャー協会,The Ranger Association
しぐさ書・きこえなーい,Emote "Can't Hear You"
お祭りやぐら館庭用板壁,Festival Wood Wall (G)
お祭りやぐら館庭用砂壁,Festival Sand Wall (G)
たそがれの煙突付き建物,Twilight Chimney House
たそがれのコンクリの壁,Twilight Concrete Wall
しぐさ書・ゴールデン紫,Emote "Golden Purple"
しぐさ書・まえならえ前,Emote "Hands on Hips"
せかいじゅのリーフパイ,Yggdrasil Leaf Pie
しぐさ書・ダンシング緑,Emote "Dancing Green"
しぐさ書・ピーヒャラ笛,Emote "Paper Whistle"
ごうかなよろい飾り・赤,Red Fancy Armor Decor
ごうかなパーティ机・赤,Red Fancy Party Table
しゃっきりレタスのタネ,Luscious Lettuce Seed
きせかえドール・エル男,Elf Dress-Up Doll (M)
きせかえドール・エル女,Elf Dress-Up Doll (F)
やさしい鉄槌のくだし方,Using a Gentle Hammer
まじないしの服の作り方,Fizzle-Proof Book
すごろくバトルマスター,Sugoroku Battlemaster
ちゃばしらこぞう像・庭,Tea Candle Statue (G)
しぐさ書・Ｓクローバー,Emote "Signal Clover"
しぐさ書・ヨーヨー風船,Emote "Balloon Yo-Yo"
ご威光にあやかりたい！,Basking in Your Glory
すべての職人を総べる者,Craftman's Supervisor
しぐさ書・ゴールデン緑,Emote "Golden Green"
しぐさ書・フィーバー紫,Emote "Fever Purple"
しぐさ書・座って本読み,Emote "Sit and Read"
しぐさ書・ダンシング青,Emote "Dancing Blue"
しぐさ書・ハート射抜く,Emote "Shoot Hearts"
ねこまどうぬいぐるみ小,Meowgician Plushie S
みずたまの棺桶風ベッド,Polka Dot Coffin Bed
あいじょうオムレツの本,Affection Omelet Recipe
とらねこバイクプリズム,Tiger Cat Bike Prism
しぐさ書・フラッシュ黄,Emote "Flash Yellow"
お店のカウンター小・緑,Green Shop Counter S
お店のカウンター中・緑,Green Shop Counter M
お店のカウンター大・緑,Green Shop Counter L
お祭りやぐら館ランプ花,Festival Flower Lamp
さらなる高みを目指す者,Those Who Aim Higher
まほうのカギの仲間たち,Magic Key Companions
お皿に載ったパンケーキ,Pancakes on a Plate
しぐさ書・ゴールデン青,Emote "Golden Blue"
みちびきのプチプチ香水,Guidance Perfume XS
しぐさ書・フィーバー緑,Emote "Fever Green"
しぐさ書・たいこを叩く,Emote "Beat a Drum"
しぐさ書・幸せのおどり,Emote "Happy Dance"
しぐさ書・ダンシング赤,Emote "Dancing Red"
ごうかカウンター大・赤,Red Fancy Counter L
ごうかカウンター小・赤,Red Fancy Counter S
ごうかなオーガ胸像・赤,Red Fancy Ogre Bust
まっちゃガーベラのタネ,Matcha Gerbera Seed
みかわしオムレツ調理法,Evasion Omelet Recipe
やいばのよろいの仕組み,Making Spiked Armor
ごうかなインテリアの本,Fancy Interior Book
お菓子なインテリアの本,Sweet Interior Book
きょじんのハンマーの本,Giant's Hammer Book
ゆらゆらどうぶつの絵本,Rocking Animal Book
せつげんりゅうプリズム,Tundragster Prism
しぐさ書・フラッシュ緑,Emote "Flash Green"
お店のカウンター小・青,Blue Shop Counter S
お店のカウンター中・青,Blue Shop Counter M
お店のカウンター大・青,Blue Shop Counter L
お店のカーペット小・緑,Green Shop Carpet S
お店のカーペット中・緑,Green Shop Carpet M
しぐさ書・紫のまなざし,Emote "Purple Gaze"
しぐさ書・黄のまなざし,Emote "Yellow Gaze"
お菓子の家のカウンター,Candy House Counter
さいほうと共に生きる道,Sewer's Way of Life
お祭りやぐら館の庭用柱,Festival Pillar (G)
しぐさ書・マギフラワー,Emote "Magi Flower"
たそがれのガラス細工壁,Twilight Glass Wall
たそがれの路地裏の売店,Twilight Alley Shop
たそがれの路地裏タイル,Twilight Alley Tile
たそがれの路地裏の電柱,Twilight Alley Pole
たそがれのアドバルーン,Twilight Ad Balloon
しぐさ書・ラインダンス,Emote "Line Dance"
しぐさ書・ゴールデン赤,Emote "Golden Red"
しぐさ書・波止場ポーズ,Emote "Wharf Pose"
しぐさ書・まえならえ後,Emote "Front Arms"
しぐさ書・フィーバー青,Emote "Fever Blue"
しぐさ書・リバーダンス,Emote "Riverdance"
はなてスライムショット,Shoot a Slime Shot
ふんさいのおおなたの書,Heavy Hatchet Book
こおりのブーメランの書,Winter's Wing Book
ねこみみバイクプリズム,Cat Ears Bike Prism
おどる宝石ぬいぐるみ小,Goodybag Plushie S
しぐさ書・ネオンスピカ,Emote "Neon Spica"
しぐさ書・ネオンハート,Emote "Neon Heart"
しぐさ書・フラッシュ青,Emote "Flash Blue"
しぐさ書・フラッシュ桃,Emote "Flash Pink"
お店のカウンター小・赤,Red Shop Counter S
お店のカウンター中・赤,Red Shop Counter M
お店のカウンター大・赤,Red Shop Counter L
お店のカーペット小・青,Blue Shop Carpet S
お店のカーペット中・青,Blue Shop Carpet M
しぐさ書・拳をかかげる,Emote "Raise Fist"
しぐさ書・緑のまなざし,Emote "Green Gaze"
お土産屋さんの和風屋根,Souvenir Shop Roof
しぐさ書・ブレイク炭酸,Emote "Break Soda"
ふわふわジョニールの箱,Fluffy Joneal Box
しぐさ書・タクトをふる,Emote "Conductor"
しぐさ書・フィーバー赤,Emote "Fever Red"
しぐさ書・アコーディオ,Emote "Accordion"
しぐさ書・ネオンスター,Emote "Neon Star"
ごうかなテーブル小・赤,Red Fancy Table S
ごうかなテーブル大・赤,Red Fancy Table L
おもちゃのサーカス・雪,Toy Circus (Snow)
おもちゃのトンネル・雪,Toy Tunnel (Snow)
うなれスライムウィップ,Slime Whip Recipe
しぐさ書・ネオンビーム,Emote "Neon Beam"
しぐさ書・フラッシュ赤,Emote "Flash Red"
お店のカーペット小・赤,Red Shop Carpet S
お店のカーペット中・赤,Red Shop Carpet M
しぐさ書・青いまなざし,Emote "Blue Gaze"
しぐさ書・ボディガード,Emote "Bodyguard"
しぐさ書・ブレイク銀杯,Emote "Break Cup"
ぼくのいのちの恩人さん,I Owe You My Life
ついてクンマット庭・丸,Round Pet Mat (G)
しぐさ書・マギキューブ,Emote "Magi Cube"
しぐさ書・赤いまなざし,Emote "Red Gaze"
しぐさ書・パンフレット,Emote "Pamphlet"
お料理大好きですわ～♪,I Love to Cook ♪
しぐさ書・優しい気持ち,Emote "Kindness"
しぐさ書・サボテンダー,Emote "Cactuar"
しぐさ書・ポップコーン,Emote "Popcorn"
まちかどフラッグ掲示板,Flag Town Board
おばあちゃん先生の授業,Grandma's Class
しぐさ書・ヴァイオリン,Emote "Violin"
しぐさ書・メイクアップ,Emote "Makeup"
あばれこまいぬの阿吽像,Foo Dog Statue
お祭りやぐら館のランプ,Festival Lamp
お祭りやぐら館のタイル,Festival Tile
きんぞくウルフきぐるみ,Metal Wolf Costume
お弁当が載ったテーブル,Table with Lunchboxes
しぐさ書・ファイヤー赤,Emote "Fire Red"
しぐさ書・ファイヤー青,Emote "Fire Blue"
しぐさ書・ファイヤー緑,Emote "Fire Green"
しぐさ書・ファイヤー桃,Emote "Fire Pink"
しぐさ書・ファイヤー黄,Emote "Fire Yellow"
しぐさ書・この葉がくれ,Emote "Hide in Leaves"
しぐさ書・ラブリーティ,Emote "Lovely Tea"
わだつみのころもセット,Sea God Outfit
そなえの場の宿屋の丸机,Place of Preparation Desk
そなえの場の宿屋のイス,Place of Preparation Chair
しぐさ書・木の葉がくれ,Emote "Hidden Leaf"
りゅうおうの翼プリズム,Dragonlord Wings Prism
きらきら星を見つけたら,Spot a Twinkling Star
のどかな農村の大テント,Idyllic Village Tent L
なぞ解きオブジェクト02,Mystery Solving Object 2
なぞ解きオブジェクト03,Mystery Solving Object 3
なぞ解きオブジェクト04,Mystery Solving Object 4
とこしえの神殿楯の間,Temple of Eternity Shield Room
はぐれメタルの像・庭,Liquid Metal Statue (G)
こげ茶もふ猫カプセル,Soft Olive Cat Toy
たれ白トラ猫カプセル,Lazy White Tabby Toy
やくそうの危険な香り,Medicinal Herb's Harmful Scent
たれこげ茶猫カプセル,Lazy Olive Cat Toy
いたスト・カジノマス,Fortune Street - Casino
あくまのきしの像・庭,Knight Aberrant Statue (G)
たれ茶トラ猫カプセル,Lazy Brown Tabby Toy
たれキジ太猫カプセル,Fat Lazy Brown Cat Toy
さいほう針をかかげて,Holding Up a Sewing Needle
そうびぶくろ超整理術,Bag Organization Technique
よみがえり続けるもの,Things Coming Back to Life
つなぐ想いを未来へと,Connect Thoughts to Future
お肉のミルクチーズ煮,Meat and Cheese Dish
こうげきモーモンラグ,Attack Teeny Sanguini Rug
お姫様の間仕切り・橙,Princess Partition
たれサバ太猫カプセル,Fat Lazy Gray Cat Toy
きんぞくウルフ衣装券,Metal Wolf Costume Ticket
しぐさ書・Ｎスピカ黄,Emote "Neon Spica Yellow"
しぐさ書・Ｎハート黄,Emote "Neon Heart Yellow"
おそうじ童子の像・庭,Sweepy Samurai Statue (G)
こうげきピンモーラグ,Attack Pink Sanguini Rug
なげきムーンの像・庭,Mourning Moon Statue (G)
ふわふわスライム物語,Story of a Fluffy Slime
お花見行楽弁当セット,Cherry Blossom Bento
しぐさ書・Ｎスター黄,Emote "Neon Star Yellow"
しぐさ書・Ｎスピカ緑,Emote "Neon Spica Green"
しぐさ書・Ｎビーム黄,Emote "Neon Beam Yellow"
しぐさ書・Ｎハート緑,Emote "Neon Heart Green"
お菓子の国は大騒ぎ！,Candy Land in an Uproar!
ゆるしてほしいのニャ,I Want You to Forgive Me
あまたの願いを求めて,In search of more wishes
いにしえの決意の行方,Future of Past Decisions
いにしえの封印の伝承,Lore of the Ancient Seal
おいしい保存食セット,Tasty Preserved Food Set
いやしのムニエル・小,Small Mending Meuniere
ごうかよろい飾り・緑,Green Fancy Armor Decor
ごうかパーティ机・緑,Green Fancy Party Table
お姫様カウンタ大・桃,Pink Princess Counter L
お姫様カウンタ小・桃,Pink Princess Counter S
お姫様パーティ机・桃,Pink Prncss Party Table
お姫様のキッチン・橙,Princess Kitchen
お姫様のバスタブ・橙,Princess Bathtub
はじめよう！ホネ砕き,Let's Crush Some Bones!
はやてのベスト作成術,Agility Outfit Creation
お姫様のイスと机の本,Princess Furniture Book
とある兵士の重い想い,Soldier's Heavy Thought
たれキナリ猫カプセル,Lazy Kinari Cat Toy
しぐさ書・Ｎスター緑,Emote "Neon Star Green"
しぐさ書・Ｎスピカ青,Emote "Neon Spica Blue"
しぐさ書・Ｎスピカ桃,Emote "Neon Spica Pink"
しぐさ書・Ｎビーム緑,Emote "Neon Beam Green"
しぐさ書・Ｎハート青,Emote "Neon Heart Blue"
しぐさ書・Ｎハート桃,Emote "Neon Heart Pink"
たたきモグラの像・庭,Mashing Mole Statue (G)
おすもっこりの像・庭,Sumo Baby Statue (G)
ほくほく肉じゃが・小,Small Meat & Potatoes
しゃべる杖が見たい！,To See a Talking Staff!
いにしえの遺跡　探訪,Exploring Ancient Ruins
ねじれたる異形の大地,Twisted Deformed Earth
しぐさ書・スイカ割り,Emote "Cut Watermelon"
しぐさ書・写真を撮る,Emote "Take a Picture"
しぐさ書・モチ返し手,Emote "Mochi Returner"
しぐさ書・立って寝る,Emote "Standing Sleep"
しぐさ書・トロピカル,Emote "Tropical Juice"
しぐさ書・イスに座る,Emote "Sit in a Chair"
おもちゃの丸い家・雪,Toy Round House (Snow)
お花の浮いた噴水・銀,Silver Flower Fountain
かいしんバーガーの本,Critical Burger Recipe
ふわふわ雲の観測日記,Diary of Fluffy Clouds
さじんのやりのレシピ,Sandstorm Spear Recipe
ふぶきのオノの作り方,How to Make an Ice Axe
ほのおのツメの作り方,How to Make Fire Claws
なげきのこんの作り方,Make a Rod of Mourning
ぬすっとの服のレシピ,Robber's Outfit Recipe
しゅうれんぎのレシピ,Training Outfit Recipe
ごうかなラグの作り方,How to Make Fancy Rugs
ごうかな小物の作り方,Make Fancy Small Decor
だいまどうローブ大全,Great Mage Outfit Book
しずく結晶のオブジェ,Raindrop Crystal Curio
しぐさ書・Ｎスター青,Emote "Neon Star Blue"
しぐさ書・Ｎスター桃,Emote "Neon Star Pink"
しぐさ書・Ｎスピカ赤,Emote "Neon Spica Red"
しぐさ書・Ｎビーム青,Emote "Neon Beam Blue"
しぐさ書・Ｎビーム桃,Emote "Neon Beam Pink"
しぐさ書・Ｎハート赤,Emote "Neon Heart Red"
はじまりの踊り子伝説,Dancer's Origin Legend
たまにＨＰ１生き残り,May Survive with 1 HP
おたからさがしのすず,Treasure Eye Land Bell
しぐさ書・モチつき手,Emote "Mochi Pounder"
しぐさ書・羽根の魔法,Emote "Feather Magic"
しぐさ書・画集を読む,Emote "Read Art Book"
お花見だんご傘の包み,Dumpling Umbrella Box
おたのしみギュッと箱,Pleasure Arm Doll Box
ごうかな間仕切り・緑,Green Fancy Partition
ごうかカウンタ大・緑,Green Fancy Counter L
ごうかカウンタ小・緑,Green Fancy Counter S
ごうかオーガ胸像・緑,Green Fancy Ogre Bust
お姫様テーブル小・桃,Pink Princess Table S
お姫様テーブル大・桃,Pink Princess Table L
お姫様のチェスト・橙,Princess Chest
あずきガーベラのタネ,Red Bean Gerbera Seed
おむつっこりの像・庭,Bushy Baby Statue (G)
ふわふわ雲のラグ図鑑,Fluffy Cloud Rug Book
ようせいの杖の作り方,Making a Faerie Staff
みかわしの服のレシピ,Evasion Outfit Recipe
よるのパピヨンの秘密,Dread Dagger's Secret
あめふりグレイツェル,Rainy Weather Gretzel
しぐさ書・Ｎスター赤,Emote "Neon Star Red"
しぐさ書・Ｎビーム赤,Emote "Neon Beam Red"
はにわにんぎょうの像,Clay Mannequin Statue
しぐさ書・ドラけしＳ,Emote "Eraser Shower"
さいほう職人の切り札,Sewer's Secret Weapon
さあ♪咲き乱れるのよ,Come On ♪ Let's Bloom
そこに眠りし者たちは,Those Who Sleep There
るすばんエイドス４号,Caretaker Eidos No. 4
たそがれの路地裏の柱,Twilight Alley Pillar
きせかえドール交換券,Doll Exchange Ticket
しぐさ書・しゃぼん玉,Emote "Blow Bubbles"
わくわくプレゼント箱,Exciting Present Box
おめかしＶチケット改,Dress-up V Ticket v2
しぐさ書・おたから袋,Emote "Treasure Bag"
やみしばりカカシの畑,Hellbound Horror Field
お姫様のオーブン・橙,Princess Oven
お花の浮いた噴水・金,Gold Flower Fountain
さすらいのコートの本,Errant Outfit Book
あくまのタクトの秘密,Devil's Baton Secret
やしゃのこんの作り方,Making a Slaying Rod
きぬのローブの作り方,Making a Silk Outfit
かたりべの服のレシピ,Storyteller's Recipe
くろがねのよろいの本,Darksteel Armor Book
おもちゃセット大図鑑,Toy Encyclopedia Set
ごうかなイスと机の本,Fancy Furniture Book
お菓子なイスと机の本,Sweet Furniture Book
しっくいとレンガの壁,Plaster & Brick Wall
いねかりぞくの像・庭,Harvester Statue (G)
しぐさ書・Ｓスライム,Emote "Signal Slime"
しぐさ書・お宝ゲット,Emote "Get Treasure"
しぐさ書・超ハッスル,Emote "Super Hustle"
しぐさ書・Ｓクラウン,Emote "Signal Crown"
くつろぎカフェタイム,Relaxing Coffee Time
ひき直し時ターン不要,Redraw Takes No Turn
しぐさ書・ラブレター,Emote "Love Letter"
しぐさ書・飛び出すＶ,Emote "V Pops Out!"
しぐさ書・ティンクル,Emote "Twirl Baton"
しぐさ書・チアダンス,Emote "Cheerleader"
おめかしレアカラー券,Rare Recolor Ticket
あいじょうオムレツ小,Small Affection Omelet
ふくびきウェア衣装券,Lottery Wear Ticket
しぐさ書・かわいがる,Emote "Pet Monster"
ごうかテーブル小・緑,Green Fancy Table S
ごうかテーブル大・緑,Green Fancy Table L
ごうかなキッチン・緑,Green Fancy Kitchen
ごうかなバスタブ・緑,Green Fancy Bathtub
ごうかな間仕切り・赤,Red Fancy Partition
おばけキャンドルの像,Wax Murderer Statue
お花の荷車・パステル,Pastel Flowers Cart
じんめんじゅの像・庭,Treeface Statue (G)
ふわふわ雲ドレッサー,Fluffy Cloud Vanity
ひつじのころもの絵本,Sheep Outfit Recipe
らせつのこんの作り方,Making a Taming Rod
しゅらのこんのレシピ,Knockout Rod Recipe
くさりかたびら作成術,Chain Mail Creation
ほしくずのつるぎの本,Stardust Sword Book
おしゃれな読書セット,Stylish Reading Set
おいしいお弁当セット,Delicious Bento Set
まちかどチキ坊掲示板,Chickibo Town Board
お土産屋さんの陳列台,Souvenir Shop Stand
しぐさ書・パルプンテ,Emote "Hocus Pocus"
しぐさ書・Ｓウィング,Emote "Signal Wing"
ひねくれ者たちの約束,The Cynical Promise
おうち用の旬のスイカ,Seasonal Watermelon
たそがれの路地裏の塀,Twilight Alley Fence
しぐさ書・手をつなぐ,Emote "Hold Hands"
きせきのプチプチ香水,Miracle Perfume XS
しぐさ書・タンバリン,Emote "Tambourine"
お花の荷車・ビビッド,Vivid Flowers Cart
わたぼう気球おもちゃ,Fluffy Toy Balloon
びっくりトマトのタネ,Killer Tomato Seed
ふわふわ雲のテーブル,Fluffy Cloud Table
ふわふわ雲のチェスト,Fluffy Cloud Chest
ねこまどうぬいぐるみ,Meowgician Plushie
こがらしのダガーの本,Pruning Knife Book
まじんのかなづちの本,Hela's Hammer Book
すてきなお茶会セット,Lovely Tea Party Set
しぐさ書・バラの魔法,Emote "Rose Magic"
しぐさ書・おそなえ２,Emote "Offering 2"
しっかり切れる四枚刃,Four Sturdy Blades
お菓子よりも甘いモノ,Sweeter Than Candy
おだやかな波のように,Like a Gentle Wave
しぐさ書・マギハート,Emote "Magi Heart"
たそがれのタイルの壁,Twilight Tile Wall
しぐさ書・投げキッス,Emote "Blow Kiss"
しぐさ書・コイントス,Emote "Coin Toss"
しぐさ書・カード引く,Emote "Draw Card"
しぐさ書・お茶を飲む,Emote "Drink Tea"
しぐさ書・ハイタッチ,Emote "High Five"
しぐさ書・Ｇシャワー,Emote "Gold Rush"
ごうかなチェスト・緑,Green Fancy Chest
ごうかなキッチン・赤,Red Fancy Kitchen
ごうかなバスタブ・赤,Red Fancy Bathtub
おもちゃのお天気・雨,Toy Rainy Weather
おもちゃのお天気・雪,Toy Snowy Weather
しびれくらげモビール,Man o' War Mobile
わたぼうお花おもちゃ,Fluffy Toy Flower
まんまるポテトのタネ,Budding Spud Seed
かんたん！マナパスタ,Mana Pasta Recipe
かんたん！ムチレシピ,Easy! Whip Recipe
ましょうのおうぎの本,Devilish Fan Book
ひっさつのおうぎの本,Critical Fan Book
どうぐ消しゴムのイス,Item Eraser Chair
お好み焼き屋台セット,Pancake Stall Set
ちゃばしらこぞうの像,Tea Candle Statue
しぐさ書・マギスター,Emote "Magi Star"
しぐさ書・マギスノー,Emote "Magi Snow"
いてつくはどうレンズ,Disruptive Wave Lens
お探しプロジェクター,Search Projector
くろぶたさんの貯金箱,Black Piggy Bank
れんごく天馬プリズム,Tantamount Prism
おどる宝石ぬいぐるみ,Goodybag Plushie
しぐさ書・ちょうはつ,Emote "Provoke"
しぐさ書・ホイッスル,Emote "Whistle"
しぐさ書・カンパイ！,Emote "Cheers!"
しぐさ書・ダンシング,Emote "Dancing"
しぐさ書・シャンソン,Emote "Chanson"
お菓子のカウンター大,Sweet Counter L
ごうかなチェスト・赤,Red Fancy Chest
おもちゃのテント・雪,Toy Tent (Snow)
お菓子のカウンター小,Sweet Counter S
わたぼうのお庭ランプ,Fluffy Lamp (G)
えいゆうのやりの物語,Hero Spear Tale
まちかどネオン掲示板,Neon Town Board
まちかどローズ掲示板,Rose Town Board
しぐさ書・プレゼント,Emote "Present"
しぐさ書・花を背負う,Emote "Flowers"
しぐさ書・ウェルカム,Emote "Welcome"
おともだちを作るの！,Making Friends!
しぐさ書・Ｘスライム,Emote "X Slime"
しぐさ書・ゴールデン,Emote "Golden"
しぐさ書・キュピーン,Emote "Shining Eyes"
かざぐるまのオブジェ,Pinwheel Curio
おもちゃの空・くもり,Toy Cloudy Sky
かぜのブーメランの本,Gusterang Book
やわらかくてムチムチ,Softly Whipped
お庭用リゾートベッド,Resort Bed (G)
お庭用天蓋付きベッド,Canopy Bed (G)
お庭用グリッドパネル,Grid Panel (G)
とり捕まえる範囲カゴ,Catching Cage
しぐさ書・フィーバー,Emote "Fever"
しぐさ書・フラッシュ,Emote "Flash"
ついてクンマット・丸,Round Pet Mat
しぐさ書・くやしがる,Emote "Pout"
おおくちばしプリズム,Beakon Prism
きりかぶこぞうのツボ,Stumpkin Pot
しぐさ書・にゃにゃん,Emote "Meow"
お祭りやぐら館のラグ,Festival Rug
しぐさ書・つまみ食い,Emote "Eat"
ついてクンマット・庭,Pet Mat (G)
しぐさ書・座礼その２,Emote "Sit and Bow 2"
くるみのカップケーキ,Walnut Cupcake
たけやり花火プリズム,Bambooligan Fireworks Prism
のどかな農村のテント,Idyllic Village Tent
しぐさ書・ごきげんＣ,Emote "Cheery C"
しぐさ書・執事の会釈,Emote "Butler's Bow"
さいほうギルド ２階,Sewing Guild 2F
あたまリボン水色券,Blue Head Ribbon Ticket
しぐさ書・桜の魔法,Emote "Cherry Blossom Magic"
ふしぎな燭台・黄色,Yellow Mystery Candlestick
おみくじ屋セイラン,Fortune Shop Seiran
ほこらの祭祀場・炎,Flame Shrine Ritual Ground
ほこらの祭祀場・嵐,Storm Shrine Ritual Ground
ほこらの祭祀場・水,Water Shrine Ritual Ground
たれ黒太猫カプセル,Fat Lazy Black Cat Toy
わかめ国王のなげき,Seaweed King's Lamentation
あまつちに雷鳴轟く,Thunder Rumbles in the Sky
いにしえの竜の伝承,Lore of the Ancient Dragon
すごろく景品係ミミ,Sugoroku Prize Clerk Mimi
ふしぎな燭台・白色,White Mystery Candlestick
しられざる神殿の絵,Picture of Unknown Temple
ほこらの祭祀場・闇,Dark Shrine Ritual Ground
おもちゃの岩山・雪,Toy Mountain (Snow)
やみしばりの像・庭,Hellbound Horror Statue (G)
ゆめみの銅箱タンス,Dreamy Copper Wardrobe
ゆめみの銀箱タンス,Dreamy Silver Wardrobe
ゆめみの竜箱タンス,Dreamy Dragon Wardrobe
いたスト・お店マス,Fortune Street - Shop
しぐさ書・お祝い虹,Emote "Celebrate Rainbow"
ふわふわフラフの箱,Fluffy Fluff Box
まおうの錬金ランプ,Demon King Alch Lamp
ふしぎな燭台・青色,Blue Mystery Candlestick
ほこらの祭祀場・氷,Ice Shrine Ritual Ground
しぐさ書・決め右前,Emote "Pose Right Front"
しぐさ書・お祝い黄,Emote "Celebrate Yellow"
いたずらもぐらの書,Mischievous Mole Book
お姫様のタンス・橙,Princess Wardrobe
お姫様の食器棚・橙,Princess Cupboard
たれ灰太猫カプセル,Fat Lazy Ash Cat Toy
ゆめみの冥箱タンス,Dreamy Gloom Wardrobe
まんぷく丸の像・庭,Riceball Baby Statue (G)
まことの美を求めて,In Search of True Beauty
お花畑に行きたい！,Go to the Flower Field!
とある老行者の試練,Trials of an Old Pilgrim
あるイケメンの秘密,Secret to Being Handsome
ばあさんの愛情料理,Grandma's Loving Cooking
お祝い１０連発花火,10 Celebratory Fireworks
ふしぎな燭台・赤色,Red Mystery Candlestick
お魚と夏野菜の雑炊,Fish and Vegetable Dish
まじないしターバン,Fizzle-Proof Turban
まじないしローブ下,Fizzle-Proof Bottom
しぐさ書・決め左前,Emote "Pose Left Front"
しぐさ書・お祝い緑,Emote "Celebrate Green"
しぐさ書・お祝い白,Emote "Celebrate White"
さまようよろいの書,Restless Armour Book
お姫様間仕切り・桃,Pink Princess Partition
いたずらもぐらの像,Mischievous Mole Statue
はじめての武器鍛冶,Welcome Weaponsmithing
ろうがぼうの作り方,How to Make a Sadistick
ふうまの盾の作り方,Make a Dampening Shield
けんぽうぎの作り方,Make a Tussler's Outfit
すざくの弓の秘伝書,Vermilion Bird Bow Book
たれ赤茶猫カプセル,Lazy Mahogany Cat Toy
ともしびこぞう提灯,Wickerman Paper Lantern
ゆめみの金箱タンス,Dreamy Gold Wardrobe
ゆめみの闇箱タンス,Dreamy Dark Wardrobe
じょうぶな木枠の柱,Solid Wood Frame Pillar
たゆたう水面投影機,Water Surface Projector
まおうのランプ呪文,Demon King Lamp Spell
おぞましき呪いの絵,Dreadful Cursed Drawing
とても刺激的な解放,A Very Exciting Release
お庭用の旬のスイカ,Seasonal Watermelon (G)
とこしえの神殿広間,Temple of Eternity Hall
きりさきピエロ・強,Vicious Prickly Prankster
だいまどうローブ下,Great Mage Lower Robe
しぐさ書・ぞうきん,Emote "Cleaning Cloth"
しぐさ書・究極呪文,Emote "Ultimate Spell"
たんすミミックの書,Wardrobe Mimic Book
ふわふわふうせん緑,Floating Green Balloon
しぐさ書・お祝い青,Emote "Celebrate Blue"
しぐさ書・ムフフ本,Emote "Ogler's Digest"
おしゃれな水着・黄,Yellow Snazzy Swimsuit
まもの使いのくつ２,Monster Master Shoes 2
おもちゃの草原・雪,Toy Grass Field (Snow)
はやぶさの剣改の書,Uber Falcon Blade Book
きじゅつしのネタ帳,Illusionist's Notebook
あなたと私の弓作り,You and I Making a Bow
しんりのローブの本,Faithful Outfit Recipe
たれキジ猫カプセル,Lazy Brown Cat Toy
ゆめみの天箱タンス,Dreamy Sky Wardrobe
ようこそ星明の宮へ,A Starlight Shrine Welcome
あそび商人ニャポー,Play Merchant Meowpaw
よろず屋アメジスト,General Shop Amethyst
いたずらもぐら・強,Vicious Mischievous Mole
まもの使いのブレス,Monster Master Bangle
まもの導師グローブ,Monster Guru's Gloves
しぐさ書・お祝い赤,Emote "Celebrate Red"
きらめく星の贈り物,Twinkling Star's Gift
うさみみギフト・白,White Rabbit Ears Gift
うさみみギフト・黒,Black Rabbit Ears Gift
お友達紹介チケット,Refer-a-Friend Ticket
ふわふわふうせん青,Floating Blue Balloon
しぐさ書・傘まわし,Emote "Umbrella Spin"
しぐさ書・リベリオ,Emote "Purrgatroyd"
しぐさ書・ガリバー,Emote "Gulliver Hand"
しぐさ書・バトエン,Emote "Battle Pencil"
おしゃれな水着・黒,Black Snazzy Swimsuit
おとぎの森カチーフ,Fairy Forest Kerchief
なげきムーングラス,Mourning Moon Glasses
まもの使いずきん２,Monster Master Hood 2
しっくいと木板の柱,Plaster & Wood Pillar
ごうかなダンロ・緑,Green Fancy Fireplace
お姫様キッチン・桃,Pink Princess Kitchen
お姫様バスタブ・桃,Pink Princess Bathtub
お姫様のベンチ・橙,Princess Bench
おおきづちの像・庭,Hammerhood Statue (G)
ねこまどうの像・庭,Meowgician Statue (G)
お花の外灯・ピンク,Pink Flower Light (G)
お花の外灯・ブルー,Blue Flower Light (G)
ふわふわ雲のタンス,Fluffy Cloud Wardrobe
お祭りの天井ランプ,Festival Ceiling Lamp
あやかしの魔弓伝説,Apparition Bow Legend
はじめての防具鍛冶,Amateur Armorsmithing
いやしの服のレシピ,Healing Outfit Recipe
まほうよろいの秘密,Magic Armor Secret
はじめての道具鍛冶,Trainee Toolsmithing
おにのかなぼう物語,Marauder's Maul Story
たれサバ猫カプセル,Lazy Gray Cat Toy
じょうぶな木枠の壁,Solid Wood Frame Wall
ふわふわブーケ飾り,Floating Boquet Decor
はくばのおうじの像,Prince Harming Statue
よくばり木箱セット,Well-Made Crate Set
お花のパールピアス,Flower Pearl Earrings
てつのさそり浮き輪,Iron Scorpion Floatie
しらふじいろダリア,White Wisteris Dahlia
おおきなリボン紫白,Purple/White Ribbon L
まごころ駅弁を君に,Sincere Lunch for You
きのこ村のブラウス,Shroom Village Blouse
お花畑の庭用ベッド,Flower Field Bed (G)
じごくのネギボーズ,Brimstone Bud
さまようよろい・強,Vicious Restless Armour
さんぞくウルフの剣,Ruff Ruffian's Sword
まじないしローブ上,Fizzle-Proof Shirt
まどうしのころも下,Wizard's Robe Bottom
まほうのよろい下２,Magic Armor Bottom 2
まもの導師のズボン,Monster Guru's Pants
だいまどうのうでわ,Great Mage Bracelets
かたりべのてぶくろ,Storyteller's Gloves
きじゅつしグローブ,Illusionist's Gloves
まもの導師のブーツ,Monster Guru's Boots
うさみみギフト・桃,Pink Rabbit Ears Gift
うさみみギフト・青,Blue Rabbit Ears Gift
やりなおしの無限石,Infinite Repeatstone
ふわふわふうせん赤,Floating Red Balloon
しぐさ書・パレード,Emote "Parade Dance"
しぐさ書・ジュエル,Emote "Jewel Shower"
お花のパーカー水着,Flower Hoodie Swimsuit
ちびっこ竜族ポーチ,Nadravian Kids Pouch
おしゃれな水着・桃,Pink Snazzy Swimsuit
あやしいカウンタ大,Suspicious Counter L
あやしいカウンタ小,Suspicious Counter S
ごうかなタンス・緑,Green Fancy Wardrobe
ごうかな食器棚・緑,Green Fancy Cupboard
うごくせきぞうの像,Living Statue Statue
ゆらゆら羊さん・紫,Purple Rocking Sheep
お花の外灯の作り方,Making Flower Lights
こあくまのネイル術,Infernails Technique
はじめよう！杖作り,Starter Staff Making
まがんの杖の作り方,Making a Hocus Locus
じごくの弓の黙示録,Oh-No Bow Apocalypse
にじいろフィッシュ,Threadfin Rainbowfish
しっくいと和紙の壁,Plaster & Paper Wall
いたずらウサギの畑,Naughty Rabbit Field
きなこづちの像・庭,Honeyhood Statue (G)
しぐさ書・たけのこ,Emote "Bamboo Shoot"
おおきなリボン白水,White Water Ribbon L
しぐさ書・Ｓハート,Emote "Signal Heart"
か弱きスライムたち,Feeble Slime and co.
きのこ村のエプロン,Shroom Village Apron
しぐさ書・聞かざる,Emote "Don't Listen"
きれいなバラのトゲ,Beautiful Rose Thorn
よろず屋ドロッジェ,General Shop Drogger
たそがれの寄木の壁,Twilight Wooden Wall
お花大好きブラバー,Flower Lover Blubba
ふわふわセサミパン,Fluffy Sesame Bread
つやつやなタケノコ,Glossy Bamboo Shoot
ほのおのブーメラン,Flametang Boomerang
たびびとのリュック,Traveler's Backpack
だいまどうローブ上,Great Mage Upper Robe
きじゅつしのズボン,Illusionist's Pants
せいどうのよろい下,Bronze Armor Bottom
おとぎの森グローブ,Fairy Forest Gloves
きじゅつしのブーツ,Illusionist's Boots
しぐさ書・ネオン紫,Emote "Neon Purple"
しぐさ書・ネオン黄,Emote "Neon Yellow"
うさみみギフト・赤,Red Rabbit Ears Gift
さざなみギフト・黄,Yellow Ripples Gift
ようせいのヤキソバ,Fairy Fried Noodles
しぐさ書・恋の魔法,Emote "Heart Magic"
しぐさ書・グレープ,Emote "Grape Juice"
しぐさ書・いねむり,Emote "Nodding Off"
おとぎの森ブラウス,Fairy Forest Blouse
おそうじ童子のこん,Sweepy Samurai Rod
おしゃれな水着・赤,Red Snazzy Swimsuit
しっくいと木板の壁,Plaster & Wood Wall
ごうかなダンロ・赤,Red Fancy Fireplace
お姫様チェスト・桃,Pink Princess Chest
お姫様のベッド・橙,Princess Bed
おどる宝石の像・庭,Goodybag Statue (G)
ばくだん岩の像・庭,Rockbomb Statue (G)
あくま神官の像・庭,Wrecktor Statue (G)
ぺっぺっぺ画伯の絵,Painter's Paintings
ふわふわ小麦のタネ,Wondrous Wheat Seed
さとりのころもの書,Clarity Outfit Book
あくまのムチの秘密,Demon's Whip Secret
きせきの釣り人列伝,Miracle Angler Book
わかめ王子ぐるみ小,King Kelp Plushie S
たゆたう水面ライト,Water Surface Light
うさぎエステラ人形,Rabbit Estella Doll
くさった死体マスク,Walking Corpse Mask
ゆめにゅうどうの枕,Napir's Pillow
かがやく星の贈り物,Shining Star's Gift
お土産屋さんの縁台,Souvenir Shop Bench
おおきなリボン青白,Blue/White Ribbon L
おおきなリボン水白,Watercolor Ribbon L
おおきなリボン黒桃,Black/Pink Ribbon L
しぐさ書・Ｓスター,Emote "Signal Star"
ちっちゃな恋の物語,A Tale of Tiny Love
わかめをたたえよ！,Praise the Seaweed!
しゅうれん用リスト,Training Wristbands
すごろく案内係アミ,Sugoroku Guide Amy
ぬいぐるみ屋ビスカ,Plushie Shop Bisca
まおうのつかい・強,Vicious Demon-at-arms
ぬすっとウサギ・強,Vicious Robber Rabbit
びっくりどっきり箱,Surprise Prank Box
おごそかな林道地区,Solemn Forest Road
まてきのスティック,Brouhaha Boomstick
さすらいのコート下,Errant Coat Bottom
おとぎの森エプロン,Fairy Forest Apron
おとぎの森スカート,Fairy Forest Skirt
どうぐ使いグローブ,Item Master Gloves
しぐさ書・ネオン緑,Emote "Neon Green"
しぐさ書・ツッコミ,Emote "Sobering Slap"
しぐさ書・とまどう,Emote "Bewildered"
さざなみギフト・白,White Ripples Gift
さざなみギフト・黒,Black Ripples Gift
みちびきのプチ香水,Guidance Perfume S
しぐさ書・雪の魔法,Emote "Snow Magic"
ようせいのわたアメ,Fairy Cotton Candy
ちいさな星の贈り物,Little Star's Gift
しぐさ書・星の魔法,Emote "Star Magic"
しぐさ書・升で乾杯,Emote "Cheers Box"
おみくじボックスⅡ,Fortune Box Ⅱ
しましまマフラー青,Blue Striped Scarf
おとぎの森シューズ,Fairy Forest Shoes
ふたつ結びエクステ,Double Knot Extension
しぐさ書・スマイル,Emote "Best Smile"
あやしいテーブル小,Suspicious Table S
あやしいテーブル大,Suspicious Table L
ごうかなタンス・赤,Red Fancy Wardrobe
ごうかな食器棚・赤,Red Fancy Cupboard
お姫様オーブン・桃,Pink Princess Oven
ゆらゆら羊さん・桃,Pink Rocking Sheep
ふわふわ雲のライト,Fluffy Cloud Light
はじゃのつるぎの書,Cautery Sword Book
あくまのツメの秘密,Cobra Claws Secret
こおりの杖のレシピ,Shiverstick Recipe
つみきでハッピー！,Happy with Blocks!
ふわふわ雲プリズム,Fluffy Cloud Prism
じょうぶな釣りざお,Strong Fishing Rod
お月様と雲のベッド,Moon and Cloud Bed
おいしい料理セット,Delicious Meal Set
ひかりサークレット,Shimmering Circlet
しぐさ書・メタキン,Emote "Metal King"
ようこそビギナー！,Welcome, Beginner!
しぐさ書・打成一片,Emote "Become One"
しぐさ書・からあげ,Emote "Fried Chicken"
ごうかなグリル・緑,Green Fancy Grill
ごうかテーブル大赤,Red Fancy Table L
お兄ちゃんへの手紙,Letter to Brother
もじゃらきラクーン,Raccoon Platypunk
おばけキャンドル強,Vicious Wax Murderer
しびれだんびら・強,Vicious Paralyslicer
さんぞくウルフ・強,Vicious Ruff Ruffian
はんじゅくスライム,Soft Boiled Slime
まどうしのころも上,Wizard's Robe Top
くろがねのよろい上,Darksteel Cuirass
きじゅつしのぼうし,Illusionist's Hat
どうぐ使いのズボン,Item Master Pants
どうぐ使いのブーツ,Item Master Boots
しぐさ書・バトル改,Emote "Battle" v2
しぐさ書・ネオン青,Emote "Neon Blue"
おめかしＶチケット,Dress-up V Ticket
さざなみギフト・桃,Pink Ripples Gift
しぐさ書・狼まわし,Emote "Wolf Spin"
しぐさ書・空気イス,Emote "Air Chair"
いちばん星の贈り物,First Star's Gift
しぐさ書・リュート,Emote "Play Lute"
しぐさ書・○を描く,Emote "Draw an O"
しましまマフラー赤,Red Striped Scarf
ももんじゃの浮き輪,Platypunk Floatie
ちいさなメダルの盾,Mini Medal Shield
しにがみきぞくの盾,Bone Baron Shield
どうぐ使いぼうし２,Item Master Hat 2
あやしいカーペット,Suspicious Carpet
ごうかな長イス・緑,Green Fancy Bench
ごうかな飾り棚・緑,Green Fancy Shelf
ごうかなラグ中・緑,Green Fancy Rug M
お菓子のパーティ机,Sweet Party Table
ごうかなラグ小・緑,Green Fancy Rug S
ごうかなラグ大・緑,Green Fancy Rug L
ゆらゆら牛さん・黄,Yellow Rocking Ox
おもちゃの草花・雪,Toy Plants (Snow)
ふわふわ雲のソファ,Fluffy Cloud Sofa
ある船長の航海日誌,Captain's Logbook
はじめてのさいほう,Starter Sewing
はやぶさのツメの書,Crow's Claws Book
まどろみのこんの書,Sleepy Stick Book
お正月ザンクローネ,New Year Zankrone
しぐさ書・ひまわり,Emote "Sunflower"
おひさまのぬくもり,Warmth of the Sun
かがやける期待の星,Shining Hope Star
ひげのバレンタイン,Bearded Valentine
どうぐ発動速度短縮,Faster Item Usage
あかつきのメダイユ,Daybreak Medaille
しゅうれん用バンド,Training Hairband
りんごあめプリズム,Candy Apple Prism
おうち用花畑のラグ,Flower Field Rug
どこでもクラッカー,Anywhere Cracker
しゃくねつのカケラ,Searing Shard
かいふくクリスタル,Recovery Crystal
ようせいの首かざり,Papillon Pendant
せいどうのよろい上,Bronze Armor Top
くろがねのよろい下,Darksteel Faulds
はやてのキュロット,Agility Culottes
しぐさ書・ネオン赤,Emote "Neon Red"
さざなみギフト・赤,Red Ripples Gift
しぐさ書・まぶしい,Emote "Dazzling"
ようせいのあまざけ,Fairy Sweet Sake
しぐさ書・おそうじ,Emote "Cleaning"
しぐさ書・線香花火,Emote "Sparkler"
おどるほうせきの書,Goodybag Book
しぐさ書・ミルク缶,Emote "Milk Can"
とらんす一味ポーチ,Trans Gang Pouch
ごうかな花びん・緑,Green Fancy Vase
ゆらゆら牛さん・白,White Rocking Ox
おもちゃの四角い家,Toy Square House
ふわふわ雲のベッド,Fluffy Cloud Bed
こおりのやいばの書,Icicle Dirk Book
こおりのツメの秘密,Ice Claws Secret
しぐさ書・おそなえ,Emote "Offering"
おおさそりの浮き輪,Scorpion Floatie
ももんじゃグローブ,Platypunk Gloves
ぬいぐるみを買いに,To Buy a Plushie
お花の鉢植え・家用,Flower Plant Pot
ふわふわサメバーン,Fluffy Sharkburn
びっくりルーレット,Surprise Spinner
どうぐ射程距離延長,Item Range Boost
くしゃくしゃの手紙,Crinkled Letter
ふんわりパンケーキ,Fluffy Pancakes
いしにんぎょう・強,Vicious Dirty Dogu
しにがみきぞく・強,Vicious Bone Baron
うるわしの浜辺地区,Beautiful Beach
やいばのブーメラン,Edged Boomerang
まもりのペンダント,Adamant Pendant
さすらいのコート上,Errant Coat Top
どうぐ使いのぼうし,Item Master Hat
とこなつヘアバンド,Summer Headband
しぐさ書・雪だるま,Emote "Snowman"
しぐさ書・もじもじ,Emote "Bashful"
しぐさ書・そうめん,Emote "Noodles"
しぐさ書・こまいぬ,Emote "Foo Dog"
ぐるぐるキャンディ,Spiral Lollipop
しぐさ書・ガクブル,Emote "Tremble"
しぐさ書・ひらめく,Emote "Inspire"
ごうかなベッド・緑,Green Fancy Bed
ごうかな長イス・赤,Red Fancy Bench
ごうかな飾り棚・赤,Red Fancy Shelf
ごうかなグリル・赤,Red Fancy Grill
ごうかなラグ小・赤,Red Fancy Rug S
ごうかなラグ中・赤,Red Fancy Rug M
ごうかなラグ大・赤,Red Fancy Rug L
さいほう職人腕あて,Sewer's Armguards
ほのおのつるぎの書,Fire Blade Book
ひかりのタクトの本,Glow Stick Book
ももんじゃプリズム,Platypunk Prism
お城のサンドアート,Sand Castle Art
いっぱつのてぶくろ,One Shot Gloves
うぉークンカプセル,War Pet Toy
しぐさ書・オカリナ,Emote "Ocarina"
ももんじゃスカート,Platypunk Skirt
ふわふわアーケロン,Fluffy Archelon
りぼんカチューシャ,Ribbon Hairband
まめに働く天使たち,Diligent Angels
まのギフトボックス,Demon Gift Box
しのギフトボックス,Death Gift Box
おしゃべりシャベル,Talking Shovel
じごくのドアボーイ,Hell's Bellboy
うさみみソルジャー,Rabbit Soldier
こうげきクリスタル,Attack Crystal
いにしえのゼルメア,Ancient Zelmea
おしゃれストリート,Fashion Street
きょじんのハンマー,Giant's Hammer
だいまどうのぼうし,Great Mage Hat
くろがねのはちがね,Darksteel Headband
しぐさ書・けいれい,Emote "Salute"
しぐさ書・おびえる,Emote "Scared"
しぐさ書・だいこん,Emote "Daikon"
しぐさ書・みちくさ,Emote "Dawdle"
とこなつココナッツ,Summer Coconut
ばくだんいわ便せん,Rockbomb Paper
しぐさ書・かんおけ,Emote "Coffin"
しぐさ書・シャワー,Emote "Shower"
さらつやシャンプー,Smooth Shampoo
おてんば姫グローブ,Alena's Gloves
ごうかな花びん・赤,Red Fancy Vase
たつじんのオノの本,Pro's Axe Book
おやぶんのにがお絵,Boss' Portrait
しぐさ書・ごきげん,Emote "Cheery"
しぐさ書・あらまあ,Emote "Oh My!"
お祭りやぐら館の塀,Festival Fence
はじめてのおつかい,First Time Use
とこしえのゆりかご,Eternal Cradle
しっこくのグローブ,Macabre Gloves
しっこくのターバン,Macabre Turban
しゅうれん用ブーツ,Training Boots
おうち用夕焼け天井,Sunset Ceiling
おうち用野道のラグ,Field Path Rug
いたずらジャーミィ,Jammy the Jocular
じゃんぼりぃの帽子,Janbori's Hat
ふのギフトボックス,Dark Gift Box
あいじょうオムレツ,Affection Omelet
ひんやりズキーニャ,Cool Zucchini
おどるほうせき・強,Vicious Goodybag
いっかくウサギ・強,Vicious Bunicorn
ふんさいのおおなた,Heavy Hatchet
せいどうのかなづち,Bronze Hammer
こおりのブーメラン,Winter's Wing
はがねのブーメラン,Soarin' Steel
まほうサークレット,Magic Circlet
だいおうキッズ帽子,Squid Kid Hat
せかいじゅのしずく,Yggdrasil Dew
けんじゃのせいすい,Sage's Elixir
しぐさ書・ほほえむ,Emote "Smile"
しぐさ書・ひやかす,Emote "Tease"
しぐさ書・タロット,Emote "Tarot"
しぐさ書・ショック,Emote "Shock"
しぐさ書・ビースト,Emote "Beast"
しぐさ書・スライム,Emote "Slime"
しぐさ書・トランプ,Emote "Cards"
しぐさ書・ペンペン,Emote "Spank"
しぐさ書・勉強する,Emote "Study"
しぐさ書・フルート,Emote "Flute"
おてんば姫のブーツ,Alena's Boots
ふわふわジョニール,Fluffy Joneal
お菓子のテーブル小,Sweet Table S
お菓子のテーブル大,Sweet Table L
ごうかなベッド・赤,Red Fancy Bed
かざぐるまのアーチ,Pinwheel Arch
おもちゃの空・晴れ,Toy Clear Sky
しぐさ書・もうそう,Emote "Swoon"
ふわふわホミロット,Fluffy Healix
しぐさ書・ブレイク,Emote "Break"
お祭りやぐら館の壁,Festival Wall
きょうだいの便せん,Sibling Paper
おうち用水辺のラグ,Waterside Rug
さんぞくのサーベル,Bandit Blade
からくりだいみょう,Bamboogieman
やるきのジャーミィ,Jacked Jammy
しょくにんのベルト,Utility Belt
しぐさ書・アイドル,Emote "Idol"
しぐさ書・ウインク,Emote "Wink"
しおさいキャンディ,Salted Candy
きのこのスティック,Shroom Stick
その先に行くために,To Go Beyond
お庭用グリッドラグ,Grid Rug (G)
ふわあまアーモンド,Soft Almond
あらくれチャッピー,Ripped Rabbit
まけんしのレイピア,Fizzle Foil
きんのブレスレット,Gold Bracer
しぐさ書・うなずく,Emote "Nod"
おてんば姫のぼうし,Alena's Hat
さいほう職人の看板,Sewing Sign
からくりしょうぐん,Bamboolict
おもちゃのサーカス,Toy Circus
おもちゃのトンネル,Toy Tunnel
ためしてクルーガー,Try Kluger
きしんのまそうの本,Poker Book
ふっかふかマフラー,Soft Scarf
おうち用地面のラグ,Ground Rug
ちからのペンダント,Wrecklace
ぺろぺろキャンディ,Lollipop
おうち用芝生のラグ,Lawn Rug
くらげドレスセット,Jellyfish Dress Set
あさがお柄のゆかた,Bell Pattern Yukata
りゅうおうトランプ,Dragonlord Cards
かっぱえび家の帽子,Shrimp Snack Hat
かまいたちプリズム,Cyclown Prism
はぐれメタル浮き輪,Liquid Metal Floatie
しぐさ書・怒り心頭,Emote "Furious"
しぐさ書・やめとま,Emote "Can't Stop"
とある天使の罪と罰,Sins of a Certain Angel
おまじない師プポペ,Charmer Pupope
とうめいイレイザー,Transparent Eraser
しぐさ書・パンフ２,Emote "Pamphlet 2"
しぐさ書・たてごと,Emote "Harp"
わだつみのかんむり,Sea God Crown
わだつみのころも上,Sea God Robe Top
わだつみのころも下,Sea God Robe Bottom
ふっかつのじゅもん,Spell of Restoration
いざ　ドラゴラム！,Now, Puff!
ぶんぶんパニック！,Buzz Buzz Panic!
やさしさに包まれて,Wrapped In Kindness
まがまがしいキノコ,Ominous Mushroom
めざましハンドベル,Alarm Clock Bell
みならいあくま・祖,Ancestor Winkster
お掃除マシン・白式,White Cleaning Machine
ふわふワルドラキー,Fluffy Evil Dracky
うつしよの銅箱・改,Worldly Copper Box v2
うつしよの銀箱・改,Worldly Silver Box v2
うつしよの金箱・改,Worldly Gold Box v2
うつしよの竜箱・改,Worldly Dragon Box v2
うつしよの天箱・改,Worldly Sky Box v2
うつしよの極箱・改,Very Worldly Box v2
なぞの魔狼カプセル,Mysterious Wolf Toy
ひつじ雲をかぞえて,Counting Sheep Clouds
ひつじ雲スティック,Sheep Cloud Wand
しぐさ書・グレドラ,Emote "Great Dragon"
しぐさ書・キンスラ,Emote "King Slime"
おいしく焼きしめて,Deliciously Roasted
しぐさ書・×を描く,Emote "Draw an X"
はぐれメタル召喚,Liquid Metal Summon
はぐれメタルの像,Liquid Metal Statue
お姫様の本棚・橙,Princess Bookshelf
からっぽの赤宝箱,Empty Red Treasure Chest
ぬい合わせた願い,Stitched Together Wishes
あこがれの盗賊王,Longing for a Thief King
あなたと歩く物語,Tale of Walking With You
ある孤児が見た空,Orphan's View of the Sky
はかなき星に光を,Light on a Fleeting Star
ふたりの近親憎悪,Their Kinship and Hatred
まだあたらしい傘,Mint Condition Umbrella
いきのいいサザエ,Very Fresh Turban Shell
もぐらのスコップ,Mischievous Mole Shovel
しぐさ書・花吹雪,Emote "Cherry Blossoms"
あたまリボン桃券,Pink Head Ribbon Ticket
おきもの緑キノコ,Green Mushroom Ornament
お菓子な武器大全,Candy Weapon Compendium
あまつゆの集め方,Collecting Rain and Dew
どうぐを愛した男,The Man Who Loved Tools
お花と羽の髪飾り,Featherflower Hairpin
うるおいの木酢液,Moisturizing Wood Acid
くすしのローブ下,Apothecary Lower Robe
まじないしのくつ,Fizzle-Proof Shoes
あたまリボン茶券,Tea Head Ribbon Ticket
あやしい大木の柱,Suspicious Tree Pillar
あくまのきしの像,Knight Aberrant Statue
すごろく魔法戦士,Sugoroku Armamentalist
お姫様タンス・桃,Pink Princess Wardrobe
お姫様食器棚・桃,Pink Princess Cupboard
あやしい大木の壁,Suspicious Tree Wall L
みやびな打ち掛け,Elegant Wedding Kimono
ふわふわ雲の本棚,Fluffy Cloud Bookshelf
にじいろの布きれ,Technicolor Dreamcloth
お花とネコの物語,Flowers and Cats Story
こげ茶猫カプセル,Olive Cat Toy
たれ黒猫カプセル,Lazy Black Cat Toy
よろい兵士の置物,Armor Soldier Ornament
よろい武者の置物,Armor Warrior Ornament
ふわふわメンダコ,Fluffy Flapjack Octopus
はじめてのオフ会,First Time Off Meeting
どうぐ使いの特訓,Item Master's Training
かばん工房の秘密,Bag Workshop's Secrets
それは誰がために,To Whom it May Concern
お宝に魅せられて,Fascinated by Treasure
お庭用釣り堀・和,Japanese Fish Pond (G)
もうどくバルーン,Deadly Poison Balloon
しぐさ書・ロック,Emote "Rock 'n' Roll"
しあわせの玉手箱,Happiness Jewelry Box
まもの使いの服２,Monster Master Suit 2
ふわふわモーモン,Fluffy Teeny Sanguini
ごうかな本棚・緑,Green Fancy Bookshelf
お姫様のイス・橙,Princess Chair
おきもの赤キノコ,Red Mushroom Ornament
ふくろう観察日記,Owl Observation Diary
きれいな釣りざお,Beautiful Fishing Rod
おそうじ童子の像,Sweepy Samurai Statue
なげくカンナさん,Grieving Master Kanna
まもの使いの前進,Monster Master Growth
お花大好きクポ！,I Love Flowers, Kupo!
その者　釣り老師,The Master of Fishing
げきりんのさとり,Inverse Insight
におうだちの心得,Forbearance Knowledge
お祝いシャワー虹,Celebration (Rainbow)
くらげポンポン帽,Jellyfish Pom Pom Hat
お馬さんが見たい,I Wanna See The Horse
よろず屋ゴーツク,General Shop Gotsuku
まもの使いハウス,Monster Master House
しんりのローブ下,Faithful Robe Bottom
まもの使いのくつ,Monster Master Shoes
しぐさ書・ハート,Emote "Draw a Heart"
ながれ星の贈り物,Shooting Star's Gift
あやしい間仕切り,Suspicious Partition
さいほう作業着上,Sewer's Clothes
はしゃのオノの書,Conqueror's Axe Book
たれ灰猫カプセル,Lazy Ash Cat Toy
お月見のぼんぼり,Moon Viewing Lantern
あるある川柳・銀,Haiku Silver
あるある川柳・銅,Haiku Bronze
まもの使いの証明,Monster Master Proof
はるかなる釣り道,Faraway Fishing Path
そして審判が下る,Then, Judgment Comes
たまにカウンター,Counterattack Chance
よろいのきし召喚,Summon Knight Errant
お祝いシャワー黄,Celebration (Yellow)
よろず屋ポロペン,General Shop Poropen
よろず屋ペピール,General Shop Pepeelu
よろず屋ピンドフ,General Shop Pindoff
よろず屋ペリトン,General Shop Periton
よろず屋パサンタ,General Shop Pasanta
よろず屋ルリーズ,General Shop Luriez
みやげ屋ベニーア,Souvenir Shop Benia
よろず屋ヒャッカ,General Shop Hyakka
よろず屋カエマン,General Shop Kaeman
よろず屋ミガンス,General Shop Migans
お宝の写真ケース,Treasure Photo Case
しなびた花の写真,Wilted Flower Photo
はぐれモグラの舌,Stray Mole's Tongue
くさった死体・強,Vicious Walking Corpse
もみじこぞう・強,Vicious Leafy Larrikin
はぐメタルーキー,Rookie Liquid Metal Slime
こわれたスロット,Broken Slot Machine
かしのブーメラン,Birchwood Boomerang
くすしのローブ上,Apothecary Upper Robe
まもの使いずきん,Monster Master Hood
やいばのよろい下,Spiked Armor Bottom
かたりべのブーツ,Storyteller's Boots
はぐメタチケット,Liquid Metal Ticket
おとぎの森ボレロ,Fairy Forest Bolero
ごうかな本棚・赤,Red Fancy Bookshelf
お姫様ベンチ・桃,Pink Princess Bench
おもてなしの行灯,Hospitality Lantern
はじめての木工術,Would-Be Woodworking
まほうの盾の秘密,Magic Shield Secret
みかづきプリズム,Crescent Moon Prism
きせきの釣りざお,Miracle Fishing Rod
だいだいカメリア,Sour Orange Camellia
たたきモグラの像,Mashing Mole Statue
おすもっこりの像,Sumo Baby Statue
あくまの錬金ツボ,Demon Alch Pot
さいほう設備・庭,Sewing Facility (G)
へこむカンナさん,Dismal Master Kanna
あこがれの彼の人,Longing for Someone
おどろきとまどう,Shock and Confusion
お祝いシャワー緑,Celebration (Green)
お祝いシャワー白,Celebration (White)
よろず屋ピッペル,General Shop Pippel
よみがえる不死鳥,Resurrected Phoenix
しぐさ書・天灯赤,Emote "Red Lantern"
よろず屋ルキーノ,General Shop Lukino
よろず屋カトラズ,General Shop Katraz
よろず屋プロシオ,General Shop Proshi
よろず屋リーベン,General Shop Leven
ぬいぐるみ竜族男,Dragon Plushie (M)
ぬいぐるみ竜族女,Dragon Plushie (F)
ぐるぐるネジまき,Spiral Winding Key
れんごくまちょう,Bird of Terrordise
よろいのきし・凶,Knight Destructant
みのしまったタイ,Snappy Snapper
うろこのよろい下,Scale Armor Bottom
はがねのよろい下,Steel Armor Bottom
まほうのよろい下,Magic Armor Bottom
しぐさ書・決め右,Emote "Pose Right"
しぐさ書・決め前,Emote "Pose Front"
しぐさ書・スイカ,Emote "Watermelon"
よろこびの玉手箱,Joyful Jewelry Box
しっかりせんべい,Firm Rice Cracker
しぐさ書・かき氷,Emote "Shaved Ice"
ふわふわエンゼル,Fluffy Angel Slime
ゆうたのリュック,Good Night Backpack
あやしいバスタブ,Suspicious Bathtub
ごうかな玉座・緑,Green Fancy Throne
あざやかな笹飾り,Vivid Bamboo Decor
ふわふわ雲のイス,Fluffy Cloud Chair
みかがみの盾の本,Silver Shield Book
りんねの大盾の書,Big Brain Drainer Book
むげんの弓の物語,Purblind Bow Story
あおりんごダリア,Light Green Dahlia
お化け提灯の鳥居,Ghost Lantern Arch
あるある川柳・金,Haiku Gold
こんらんのダンス,Dance of Confusion
お祝いシャワー青,Celebration (Blue)
きのこ村のぼうし,Shroom Village Hat
ほのおのよろい下,Flame Armor Bottom
おうち用星空天井,Starry Sky Ceiling
よろず屋スワーニ,General Shop Swani
よろず屋ヤップイ,General Shop Yapui
よろず屋ポナック,General Shop Ponak
よろず屋リューロ,General Shop Ryuro
めいふのばんにん,Hellbound Heretic
ほしくずのピアス,Stardust Earrings
しんりのローブ上,Faithful Robe Top
かたりべのぼうし,Storyteller's Hat
くさりかたびら下,Chain Mail Bottom
さとりのグローブ,Gloves of Clarity
しぐさ書・決め左,Emote "Pose Left"
しぐさ書・決め後,Emote "Pose Rear"
きせきのプチ香水,Miracle Perfume S
しぐさ書・盆踊り,Emote "Bon Dance"
しぐさ書・つまむ,Emote "Picked Up"
きようさにくまん,Deft Meat Buns
いやしのムニエル,Mending Meuniere
しぐさ書・身支度,Emote "Get Ready"
しぐさ書・お祝い,Emote "Celebrate"
つままれスラベス,Pinched She-Slime
お祭りのはちまき,Festival Headband
ごうかなイス・緑,Green Fancy Chair
うごく箱舟号・雪,Moving Ark (Snow)
お姫様ベッド・桃,Pink Princess Bed
お茶屋のパラソル,Teahouse Umbrella
おむつっこりの像,Bushy Baby Statue
みやびな飾り扇子,Elegant Decor Fan
ごくじょうソルト,Salt of the Earth
はやぶさの剣の書,Falcon Blade Book
せいれいの杖の書,Spirit Staff Book
わかめ王子ぐるみ,King Kelp Plushie
しぐさ書・お弁当,Emote "Lunch Box"
しぐさ書・かかし,Emote "Scarecrow"
ひかりのグローブ,Shimmering Gloves
ふかみどりダリア,Dark Green Dahlia
あくまのツボ呪文,Demon Pot Spell
ほくほく肉じゃが,Meat & Potatoes
やさしさのクスリ,Kindness Medicine
どうぐ使いの時代,Item Master's Era
ある魔術師の悔恨,Magician's Regret
なつきやすくなる,Happiness Boost
つやめく毛髪の束,Glossy Hair Bunch
お祝いシャワー赤,Celebration (Red)
ふしぎなボレロ下,Glombolero Bottom
ふしぎなグローブ,Mysterious Gloves
あしあとカプセル,Footprint Toy
ろくしょうダリア,Green Rust Dahlia
きぞくねずダリア,Noble Gray Dahlia
よろず屋ガーディ,General Shop Gadi
はじめてのルーペ,Beginner's Loupe
みずたまドラゴン,Polka Dot Dragon
めんこ屋チャガン,Pogs Shop Chagan
らくらくジョウロ,E-Z Watering Can
けさぎりクローク,Spirit Swordsman
ふるぼけたタライ,Underpants Dance
うつしよの境界地,World's Boundary
きめんどうしの杖,Lump Shaman Cane
ひらめきのゆびわ,Sorcerer's Stone
おしゃれなベルト,Bling-Bling Belt
やいばのよろい上,Spiked Armor Top
さとりのかんむり,Crown of Clarity
ぬすっとのうでわ,Robber's Bangles
だいまどうのくつ,Great Mage Shoes
お祝いクラッカー,Celebration Popper
ねこまどう便せん,Meowgician Paper
ごうけつの便せん,Great Hero Paper
おみくじボックス,Fortune Box
ふしぎなイレモン,Mysterious Lemon
しぐさ書・チョキ,Emote "Scissors"
たけやりへいの書,Bambooligan Book
お詫びの笹だんご,Bamboo Dumplings
しぐさ書・大テレ,Emote "Very Shy"
ふわふわクマノミ,Fluffy Clownfish
いくさ化粧シール,Warpaint Sticker
あやしいチェスト,Suspicious Chest
ごうかな玉座・赤,Red Fancy Throne
おもちゃの木・雪,Toy Trees (Snow)
おもちゃの岩・雪,Toy Rocks (Snow)
ふわふわ雲のラグ,Fluffy Cloud Rug
しゃっきりレタス,Luscious Lettuce
ぎんのルアーの本,Silver Lure Book
おたからの花びら,Iridescent Petal
はがねの防具図鑑,Steel Armor Book
いねかりぞくの像,Harvester Statue
しぐさ書・きのこ,Emote "Mushroom"
とんぼ玉プリズム,Glass Bead Prism
うすざくらダリア,Pale Pink Dahlia
そのために生きた,I Lived for That
もうひとつの楽園,Another Paradise
えにし紡いで……,Spinning Fate...
ふういんのダンス,Dance of Sealing
ぬいぐるみ屋ウー,Plushie Shop Woo
おうち用青空天井,Blue Sky Ceiling
ふわふわホミ４世,Fluffy Healix IV
ふくめんうさぎ１,Masked Rabbit 1
ふくめんうさぎ２,Masked Rabbit 2
ふくめんうさぎ３,Masked Rabbit 3
ごうかなイス・赤,Red Fancy Chair
ごきげんプクリポ,Cheery Pukulipo
まじゅうのうぶ毛,Magic Beast Fur
おうごんのうでわ,Golden Bracelet
なけなしのおかね,Bag with Little Money
ぷるぷるスラピー,Wobbling Slurpy
ろうごくドーター,Prison Daughter
のっかりゼラチン,Boingin' Knight
おっかけパンサー,Chasing Panther
のどかな農村地区,Idyllic Village
ほっとするかばん,Comforting Bag
うろこのよろい上,Scale Armor Top
はがねのよろい上,Steel Armor Top
まほうのよろい上,Magic Armor Top
はやてのバンダナ,Agility Bandana
ぷちスラキャップ,Small Slime Cap
くろがねのブーツ,Darksteel Boots
しぐさ書・大泣き,Emote "Weeping"
ようせいのおでん,Fairy Hot Stick
かいしんバーガー,Critical Burger
しぐさ書・ねる２,Emote "Sleep 2"
しぐさ書・ねる３,Emote "Sleep 3"
ふわふわタツノコ,Fluffy Seahorse
みつあみエクステ,Braid Extension
あやしいオーブン,Suspicious Oven
お菓子の間仕切り,Sweet Partition
ごうかなツボ・緑,Green Fancy Pot
おもちゃの池・雪,Toy Pond (Snow)
じんめんじゅの像,Treeface Statue
おもちゃの丸い家,Toy Round House
りぷとん画伯の絵,Ripton Painting
ある船乗りの手記,Sailor's Memoir
さいほうサンダル,Sewer's Sandals
ひまわりプリズム,Sunflower Prism
お菓子の家セット,Candy House Set
ふわふわクリオネ,Fluffy Sea Slug
ほっとヘッドホン,Soft Headphones
おおきなリボン黄,Yellow Ribbon L
ももんじゃブーツ,Platypunk Boots
お寿司スライム帽,Sushi Slime Hat
おおぞらの便せん,Clear Sky Paper
ふわふわキンギョ,Fluffy Goldfish
うごめくモノたち,Wiggling Things
ひと筆のこだわり,A Single Stroke
もうどくブルース,Poisonous Blues
うさぎの和タンス,Rabbit Wardrobe
ほのおのよろい上,Flame Armor Top
しびれくらげ先生,Sir Man o' War
ぬすっとウサギ？,Robber Rabbit?
はにわにんぎょう,Clay Mannequin
どん欲のグリーニ,Greedy Greenie
くさりのはちがね,Chain Headgear
ちいさな時の球根,Tiny Time Bulb
じごくのたまねぎ,Brimstone Bulb
きりこみプレート,Aquatic Armour
どくろあらい・強,Vicious Haardvark
ほしくずのつるぎ,Stardust Sword
くさりかたびら上,Chain Mail Top
かいぞくＴシャツ,Pirate T-Shirt
やいばのはちがね,Spiked Circlet
とこなつバングル,Summer Bangles
はやてのグローブ,Agility Gloves
あらくれバングル,Thug's Bangles
がうがうグローブ,Bow-Wow Gloves
やいばのグリーブ,Spiked Greaves
やりなおしの宝珠,Regretta Stone
しぐさ書・苦笑い,Emote "Bitter"
しぐさ書・バトル,Emote "Battle"
おめかしカラー券,Recolor Ticket
しぐさ書・土下座,Emote "Grovel"
もこふわパジャマ,Fluffy Pyjamas
ふわふわペコリア,Fluffy Pekoria
まっちゃガーベラ,Matcha Gerbera
よごれたほうたい,Grubby Bandage
おしえてデーモン,Tell Me, Demon
わだつみのしずく,Abyss Droplets
ばしょうせんの本,Frond Fan Book
ほうおうの巻き物,Phoenix Scroll
くじゃくの巻き物,Peacock Scroll
へびのおうぎの本,Cobra Fan Book
かぜきりの弓の書,Blowy Bow Book
もこもこセーター,Fluffy Sweater
いっぱつのよろい,One Shot Armor
いっぱつのズボン,One Shot Pants
いっぱつのつるぎ,One Shot Sword
おおきなリボン白,White Ribbon L
ももんじゃフード,Platypunk Hood
ももんじゃケープ,Platypunk Cape
ふわふわサンダル,Fluffy Sandals
しぐさ書・自撮り,Emote "Selfie"
はじめてのドレス,My First Dress
からあげパクパク,Eat Deep-Fried
ふしぎなボレロ上,Glombolero Top
しっこくのマント,Macabre Mantle
かんおけカプセル,Coffin Toy
かばうの性能変化,Chopping Block
いたずらバーティ,Buttre the Bad
さびたペンダント,Rusty Pendant
おおみみずの化石,Wiggly Fossil
いにしえのパーツ,Ancient Parts
ふっくらにんにく,Plump Garlic
ふくびき魔法ビン,Lottery Flask
じょうりゅうせき,Distillastone
ふかふかなキノコ,Soft Mushroom
おばけヒトデ・強,Vicious Scarfish
じんめんじゅ・強,Vicious Treeface
やるきのバーティ,Burly Buttre
ぬかどこスライム,Mouldy Slime
じごくのおくり火,Lava Lampling
じげんばくだん岩,Timebomb Rock
ならず者のねぐら,Rogue's Roost
こぞうバックラー,Leery Buckler
こがらしのダガー,Pruning Knife
まじんのかなづち,Hela's Hammer
くさりのあみごて,Chain Bracers
はがねのグリーブ,Steel Greaves
まほうのグリーブ,Magic Greaves
しぐさ書・指さす,Emote "Point"
しぐさ書・高笑い,Emote "Laugh"
しぐさ書・ピース,Emote "Peace"
しぐさ書・ガード,Emote "Guard"
しぐさ書・キラ星,Emote "Stars"
おてんば姫のふく,Alena's Dress
ふわふわホイミン,Fluffy Healie
ふわふわドラキー,Fluffy Dracky
ほっとイヤーマフ,Soft Earmuffs
お菓子のキッチン,Sweet Kitchen
お菓子のバスタブ,Sweet Bathtub
ごうかなツボ・赤,Red Fancy Pot
ししおどしセット,Scaredeer Set
ときのすいしょう,Chronocrystal
にわとりプリズム,Chicken Prism
すごろく魔法使い,Sugoroku Mage
お正月の便利な壁,New Year Wall
しにがみのずきん,Reaper's Hood
ふわふわネルゲル,Fluffy Nergel
あるへいしちょう,soldier to be
たったひとつの絆,Only One Bond
たたかいのビート,Rhythm 'n' Bruise
しびれ弾ショット,Shocking Shot
しっこくのブーツ,Macabre Boots
ほのおのグリーブ,Flame Greaves
たいやきプリズム,Taiyaki Prism
わかめ由来石けん,Seaweed Soap
とびきりスパイス,Superb Spice
おばけキャンドル,Wax Murderer
ひとくいサーベル,Erazor Blade
やみのしょくだい,Sconstrosity
からくりランサー,Bamboolancer
せいどうのつるぎ,Bronze Sword
はがねのかなづち,Steel Hammer
ましょうのおうぎ,Devilish Fan
ひっさつのおうぎ,Critical Fan
てくてくスライム,Slime Knight
まどうしのぼうし,Wizard's Hat
ごきげんなぼうし,Happy Hat
とこなつハッピ下,Summer Skirt
せいどうのブーツ,Bronze Boots
とこなつシューズ,Summer Shoes
しぐさ書・まわる,Emote "Spin"
しぐさ書・ナイス,Emote "Nice"
しぐさ書・ビート,Emote "Beat"
みかわしオムレツ,Evasion Omelet
しぐさ書・ネオン,Emote "Neon"
ほうき星の贈り物,Comet's Gift
しぐさ書・ケーキ,Emote "Cake"
しぐさ書・Ｖロン,Emote "Vron"
しぐさ書・のぞく,Emote "Peek"
こあくまの弓の本,Imp Bow Book
かんおけプリズム,Coffin Prism
あったかセラフィ,Warm Seraphi
ふとっちょキノコ,Fat Mushroom
ごちそうターキー,Feast Turkey
もこもこスカート,Fluffy Skirt
いっぱつのぼうし,One Shot Hat
しろはなだダリア,White Dahlia
おおきなリボン赤,Red Ribbon L
さいほう職人の魂,Sewer's Soul
つっこみレーサー,Thrust Racer
しぐさ書・あわわ,Emote "Gasp"
さみだれ突き・零,Multithrust+
ぐんたいガニ・強,Vicious Crabid
おおくちばし・強,Vicious Beakon
じごくのもんばん,Grim Keeper
ぎょうじゃのこん,Ascetic Rod
くじゃくのおうぎ,Peacock Fan
ほうおうのおうぎ,Phoenix Fan
ひつじのころも上,Sheep Shirt
せいどうのかぶと,Bronze Helm
みかわしのぼうし,Evasion Cap
がうがうキャップ,Bow-Wow Cap
ひつじのころも下,Sheep Skirt
ひつじのてぶくろ,Sheep Mitts
くさりのあみぐつ,Chain Boots
まほうのせいすい,Magic Water
しぐさ書・うちわ,Emote "Fan"
ようせいのラムネ,Fairy Drink
ときめく砂糖菓子,Sugar Candy
ぐるぐるネジ巻き,Winding Key
お菓子のチェスト,Sweet Chest
さざなみのしずく,Rippledrops
おうごんのかけら,Gold Nuglet
じゅうたんソファ,Carpet Sofa
すずらんのゆかた,Lily Yukata
しぐさ書・ヨッ！,Emote "Yo!"
いまどんな？設定,Status Icon
まわりにチャット,Nearby Chat
どくどくバルーン,Toxic Loon
ちゃばしらこぞう,Tea Candle
らくらくスコップ,E-Z Shovel
あやしいかげ・強,Vicious Shade
つかれきったサメ,Lazy Larry
きんのネックレス,Gold Chain
うさぎのおまもり,Bunny Tail
とこなつハッピ上,Summer Top
さすらいのぼうし,Errant Hat
ぽかぽかマフラー,Warm Scarf
お菓子のオーブン,Sweet Oven
ぶたさんの貯金箱,Piggy Bank
おおとろの切り身,Tuna Belly
ふわふわベビタン,Fluffy Imp
やいばのぼうぎょ,Pincushion
さらりとした樹液,Smooth Sap
しぐさリスト選択,Emote List
つんつくカージェ,Bluecumber
さまようたましい,Lost Soul
ごうけつのけがわ,Ursa Minor Fur
しましまキャット,Candy Cat
ばくだんサーカス,Pantomine
こあくまのナイフ,Imp Knife
たいようのおうぎ,Solar Fan
かぜのブーメラン,Gusterang
はくあいのゆびわ,Care Ring
ようがんのカケラ,Lava Lump
ようせいのひだね,Lamplight
たいようのおどり,Sun Dance
おうち用川のラグ,River Rug
くらやみハーピー,Succubat
ぶっちズキーニャ,Zumeanie
まんじゅシャモン,Shamanju
びっくりボックス,Trap Box
おもちゃのテント,Toy Tent
ふしぎなドロドロ,Odd Clod
じゃんけんチョキ,Scissors
へんげのステッキ,Mod Rod
やつざきアニマル,Bullion
どこかのバスタブ,Bathtub
ついてクンマット,Pet Mat
しんごんのじゅず,Rosary
なかまモンスター,fellow monster
りゅうおうの背景,Dragonlord Background
たこやきプリズム,Takoyaki Prism
いにしえの廃棄物,Ancient Waste
しぐさ書・ギフト,Emote "Gift"
ふわふわコウリン,Fluffy Kourin
りゅうおうソード,Dragonlord Sword
りゅうおうワンド,Dragonlord Wand
りゅうおうクロー,Dragonlord Claw
りゅうおうエッジ,Dragonlord Edge
しぐさ書・天灯青,Emote "Blue Lantern"
しぐさ書・天灯緑,Emote "Green Lantern"
しぐさ書・天灯桃,Emote "Pink Lantern"
おシャケなポーチ,Fishionable Pouch
しぐさ書・天灯黄,Emote "Yellow Lantern"
しぐさ書・天灯白,Emote "White Lantern"
ふわふわホホジロ,Fluffy Shark
おしゃれカタログ,Fashion Catalog
ぐんたいガニ・祖,Ancestor Crabid
もみじこぞう・祖,Ancestor Leafy Larrikin
どくやずきん・祖,Ancestor Bodkin Fletcher
おばけキノコ・祖,Ancestor Funghoul
ひとくいばこ・祖,Ancestor Cannibox
たまねぎスライム,Onion Slime
たちきりブラザー,Bigger Buzzbee
たちきりエリート,Buzzbeelite
ふわふわモーグリ,Fluffy Moogle
にじいろの色鉛筆,Rainbow Colored Pencil
あぶない水着下,Dangerous Midriff Wrap
ゆりかごの末裔,Descendants of the Cradle
くしざし拷問室,Impaling Torture Chamber
げんぶの道着下,Black Turtle Pants
あぶない水着上,Dangerous Bikini Top
くノ一の装束下,Kunoichi Costume Bottom
お姫様本棚・桃,Pink Princess Bookshelf
くらげドレス下,Jellyfish Dress Bottom
こぼれ桜の番傘,Cherry Paper Umbrella
げんぶの道着上,Black Turtle Dogi
さくらのゆかた,Cherry Blossom Yukata
おもてなしの畳,Hospitality Straw Mat
ふわふわフラフ,Fluffy Fluff
みがけば光る！,Shines When Polished!
ある女医の秘密,Woman Doctor's Secret
ふくびき券の束,Lottery Ticket Bundle
お菓子の自販機,Candy Vending Machine
いやしの雪中花,Soothing Snow Flower
よろず屋コテツ,General Shop Kotetsu
ふしぎな豆の本,Mysterious Beans Book
くれないザクロ,Deep Red Pomegranate
やすらぎの音叉,Tuning Fork of Peace
あやかしの魔弓,Magic Apparition Bow
みかわしの服下,Evasion Cloak Bottom
まごころの薬箱,Sincerity Medicine Box
くノ一の装束上,Kunoichi Costume Top
うろこ模様の柱,Scale Pattern Pillar
みやびな笹飾り,Elegant Bamboo Decor
くさび模様の柱,Wedge Pattern Pillar
さくらの花びら,Cherry Blossom Petal
はじけろ呪印！,Curse's Broken Seal!
おばけ暖炉の壁,Ghost Fireplace Wall
まんぷく丸の像,Riceball Baby Statue
お花の天井飾り,Flower Ceiling Decor
なげきの妖剣士,Swordmaster's Sorrow
あの日の思い出,Memories of That Day
きのこ村のくつ,Shroom Village Shoes
よろず屋マカロ,General Shop Macaro
まとめ屋タバネ,Summary Shop Tabane
よろず屋ロココ,General Shop Rococo
よろず屋ガムリ,General Shop Gamuri
きょだいまじん,Giga Stone Guardian
まどろみの回廊,Corridor of Slumber
ふくまねきの杖,Fortune Weaver Cane
べっこうメガネ,Tortoiseshell Specs
かたりべの服上,Storyteller's Shirt
きじゅつしの服,Illusionist's Shirt
まもの使いの服,Monster Master Suit
げんぶのかぶと,Black Turtle Helmet
くろがねのこて,Darksteel Gauntlets
しんこうのたね,Seed of Therapeusis
お知らせ優待券,Notification Coupon
やみしばりの書,Hellbound Horror Book
まもの導師の服,Monster Guru's Vest
あやしいタンス,Suspicious Wardrobe
あやしい食器棚,Suspicious Cupboard
お姫様イス・桃,Pink Princess Chair
みやびな飾り皿,Elegant Decor Plate
おもちのせ七輪,Rice Cakes on Grill
じょうぶな金具,Heavy Duty Fittings
げんぶの巻き物,Black Turtle Scroll
たてまじん戦記,Peekabogre War Book
だいだいの花束,Sour Orange Bouquet
なりきり操舵輪,Ship Steering Wheel
まちかど掲示板,Town Bulletin Board
あやかしの調べ,Ghost Investigation
どうぐ使い誕生,Item Master's Birth
よみがえる王国,The Kingdom Revived
かばん職人の道,Bag Craftsman's Way
いにしえの呪文,Ancient Incantation
たまに２回攻撃,Rarely Attack Twice
みちくさ冒険中,Dawdle on Adventure
くらげドレス上,Jellyfish Dress Top
しぐさ書・座礼,Emote "Sit and Bow"
よろず屋ゼクバ,General Shop Zekuba
よろず屋バレイ,General Shop Barei
よろず屋バメア,General Shop Vamea
ふしぎな三面鏡,Three-Sided Mirror
すばらしい堆肥,Magnificent Manure
おむかえデスよ,Sedeathtives
じごくのハサミ,Crabber Dabber Doo
しのどれい・強,Vicious Dead Resident
せんりつザクロ,Pomegranate Horror
はぐれジュエル,Liquid Jewel Slime
よろこびの音叉,Tuning Fork of Joy
ほほの傷シール,Cheek Scar Sticker
ひまわりピアス,Sunflower Earrings
かたりべの服下,Storyteller's Kilt
お祭りの半だこ,Festival Half-Dako
けんぽうの腕帯,Tussler's Armbands
うつしよの銀箱,Worldly Silver Box
うつしよの銅箱,Worldly Copper Box
うつしよの竜箱,Worldly Dragon Box
ねこまどうの書,Meowgician Book
うろこ模様の壁,Scale Pattern Wall
きれいな肖像画,Beautiful Portrait
おもちゃの岩山,Toy Mountain
くさび模様の壁,Wedge Pattern Wall
あさぎガーベラ,Light Blue Gerbera
しんかのひせき,Agate of Evolution
もふ猫カプセル,Soft Cat Toy
おにびの像・庭,Will-O' Statue (G)
すずらんの提灯,Lily Paper Lantern
お月サマーの像,Summer Moon Statue
ちょびヒゲの箱,Small Mustache Box
いにしえの皇子,The Ancient Prince
しゅくふくの杖,Staff of Salvation
とこしえの神殿,Temple of Eternity
こんぶ香る粘液,Kelp-scented Mucus
うぐいすダリア,Green-Brown Dahlia
よろず屋サフィ,General Shop Safi
しらゆきバター,White Snow Butter
れんごくの羽毛,Purgatory Plumage
まほうの火の粉,Magic Fire Powder
しろバラのきし,White Rose Knight
きりさきピエロ,Prickly Prankster
じめじめバブル,Dank Bubble Slime
とこしえの氷原,Eternal Ice Field
せいどうの大剣,Bronze Greatsword
どくがのナイフ,Poison Moth Knife
はやぶさの剣改,Uber Falcon Blade
お花見だんご傘,Dumpling Umbrella
しゅうれんぎ上,Training Tank Top
みかわしの服上,Evasion Cloak Top
どうぐ使いの服,Item Master Shirt
てつのよろい下,Iron Armor Bottom
はぐメタコイン,Liquid Metal Coin
ふわふわバニー,Fluffy Bunny Girl
お名前忘れん帽,Unknown Names Cap
やいばの燐光盾,Phosphorus Shield
あおレンガの柱,Blue Brick Pillar
ねこまどうの像,Meowgician Statue
おおきづちの像,Hammerhood Statue
ひかりの杖の本,Bright Staff Book
すごろく旅芸人,Sugoroku Minstrel
ふわふわリーナ,Fluffy Sanguilina
さまよえる怪物,Wandering Monster
ふたりの逃亡者,The Two Fugitives
さらなる高みへ,To a Higher Level
おたからさがし,Nose for Treasure
こげちゃダリア,Dark Brown Dahlia
いにしえの金貨,Ancient Gold Coin
お面屋ジョハリ,Mask Shop Johari
じんめんツリー,Tis' The Treeson
いたずらもぐら,Mischievous Mole
おばけ大キノコ,Haunted Funghoul
しりょうのきし,Skeleton Soldier
しにがみのきし,Knight Abhorrent
あかつきの神兵,Daybreak Soldier
とこしえの巨兵,Eternal Gigantes
こけむしルドン,Derelect Dragoon
はがねのつるぎ,Steel Broadsword
にくきゅうの杖,Pawmaturge Staff
ふちなしメガネ,Borderless Specs
おふだのシール,Talisman Sticker
きぬのローブ下,Silk Robe Bottom
せいどうのこて,Bronze Gauntlets
てつのすねあて,Iron Shin Guards
さとりのブーツ,Boots of Clarity
お祭りのぞうり,Festival Sandals
きようさのたね,Seed of Deftness
うつしよの金箱,Worldly Gold Box
いちごの便せん,Strawberry Paper
みちびきの香水,Guidance Perfume
うつしよの闇箱,Worldly Dark Box
こあくまのツノ,Lil' Devil Horns
おうじょのあい,Princess' Pledge
あやしい長イス,Suspicious Bench
あやしい飾り棚,Suspicious Shelf
おもいで映写機,Memory Projector
お正月のコタツ,New Year Kotatsu
かき氷テーブル,Shaved Ice Table
うるし塗りの柱,Lacquered Pillar
あずきガーベラ,Red Bean Gerbera
まじゅうのホネ,Magic Beast Bone
まじゅうのツノ,Magic Beast Horn
ねがいのかがみ,Mirror of Wishes
きなこづちの像,Honeyhood Statue
しらあいダリア,Pale Cyan Dahlia
しゅいろダリア,Vermilion Dahlia
ふわふわキッズ,Fluffy Small Fry
ひかりのローブ,Shimmering Dress
ひかりのブーツ,Shimmering Boots
うつしよの極箱,Very Worldly Box
うめねずダリア,Pale Plum Dahlia
しっこくダリア,Jet Black Dahlia
おめでたこ焼き,Octopus Dumpling
むずかしい注文,Difficult Orders
ふしぎなブーツ,Mysterious Boots
ふわふわクラゲ,Fluffy Jellyfish
くらげグローブ,Jellyfish Gloves
のうこんダリア,Deep Blue Dahlia
きらきらした本,Glittering Book
ひとくいドール,Man-Eating Doll
まもりのローブ,Safety Robe
さわやかソーダ,Refreshing Soda
いにしえの赤油,Ancient Red Oil
ぼろぼろの手記,Tattered Memoir
じょうぶなヒゲ,Strong Mustache
ねこまどう・強,Vicious Meowgician
おおきづち・強,Vicious Hammerhood
さまようよろい,Restless Armour
じごくのよろい,Infernal Armour
よろいのきしⅡ,Knight Errant Ⅱ
よろいのきしⅠ,Knight Errant Ⅰ
よろいのきしⅢ,Knight Errant Ⅲ
たてまじん・強,Vicious Peekabogre
その他のばしょ,Other Locations
さびれたほこら,Deserted Shrine
おやぶんの大盾,Big Boss Shield
いなずまのやり,Lightning Lance
おにのかなぼう,Marauder's Maul
さとりのころも,Robe of Clarity
おしゃれな水着,Snazzy Swimsuit
ぎんのはちがね,Silver Headband
ぬすっとタイツ,Robber's Tights
けんぽうの脚帯,Tussler's Boots
しぐさ書・風船,Emote "Balloon"
お招きのつばさ,Invitation Wing
すばやさのたね,Seed of Agility
まりょくのたね,Seed of Sorcery
うつしよの天箱,Worldly Sky Box
しぐさ書・爆発,Emote "Explode"
しぐさ書・花束,Emote "Bouquet"
ひまわりのタネ,Sunflower Seeds
きれいめリップ,Pretty Lip Balm
あやしい流し台,Suspicious Sink
あおレンガの壁,Blue Brick Wall
おもちゃの草原,Toy Grass Field
あくま神官の像,Wrecktor Statue
まき割りセット,Wood Chopping Set
おどる宝石の像,Goodybag Statue
ばくだん岩の像,Rockbomb Statue
しずくモビール,Raindrop Mobile
しんせんたまご,Free-Range Eggs
さえずりのみつ,Birdsong Nectar
あまつゆのいと,Celestial Skein
なないろのまゆ,Colorful Cocoon
せいれいの金具,Spirit Fittings
ぽーちゃんの像,Por-chan Statue
ふじいろダリア,Wisteris Dahlia
ゆうらくレンゲ,Amusement Lotus
なげきのモリス,Grieving Morris
なげきのギギロ,Grieving Gigiro
わがままルシル,Selfish Lucille
それが気がかり,That's Worrying
むげんのさとり,Infinite Wisdom
どうぐ範囲化術,Item Range Tech
いてつくはどう,Disruptive Wave
つきかげの広場,Moonlight Plaza
いらすとや印章,Irasutoya Stamp
ひざをついた像,Kneeling Statue
ふ化ふ化な衣装,Hatching Outfit
はくばのおうじ,Prince Harming
きらめきインク,Glittering Ink
さざなみの貴石,Rippling Stone
ゆうわくエキス,Luring Extract
いにしえの石版,Ancient Tablet
ぼろぼろの日記,Tattered Diary
おおぞらの貴石,Blue Sky Stone
こうていタップ,Emperor Tapper
おにこぞう・強,Vicious Pickayune
れんごくの番兵,Lingering Ogre
わかめ王子・強,Vicious King Kelp
どデカニードル,Giga Needleman
みがわりドール,Scapegoat Doll
たんすミミック,Wardrobe Mimic
おにびドングリ,Leafy Lampling
とっしんアマモ,Anguillalalala
もどりのつばさ,Wing of Return
こもれびの広場,Sunbeam Square
あかつきの海岸,Daybreak Coast
へびがわのムチ,Snakeskin Whip
まんげつリング,Full Moon Ring
ぐるぐるメガネ,Safety Goggles
ひきよせのすず,Beckoning Bell
てつのよろい上,Iron Armor Top
ぎんのむねあて,Silver Cuirass
あらくれボディ,Thug's Harness
まもりのぼうし,Safety Cap
くすしのぼうし,Apothecary Hat
しゅうれんぎ下,Training Pants
さすらいのこて,Errant Bracers
まどうしのくつ,Wizard's Shoes
ぬすっとのくつ,Robber's Shoes
せかいじゅの葉,Yggdrasil Leaf
ふくびき補助券,Lottery Coupon
ばくだん岩召喚,Rockbomb Summon
お祭りのハッピ,Festival Happi
ぴちぴちカジキ,Striped Marlin
きりさきダガー,Prickly Dagger
あやしいベッド,Suspicious Bed
お菓子のタンス,Sweet Wardrobe
お菓子の食器棚,Sweet Cupboard
お茶屋のベンチ,Teahouse Bench
うるし塗りの壁,Lacquered Wall
だるまストーブ,Potbelly Stove
こくうまソース,Barbecue Sauce
かぜきりのはね,Flurry Feather
うつくしい材木,Beautiful Wood
だんごプリズム,Dumpling Prism
まっちゃの花束,Matcha Bouquet
いっぱつのくつ,One Shot Shoes
かっこいい玉座,Stylish Throne
たそがれマリク,Twilight Malik
たそがれクレド,Twilight Credo
なげきのパリス,Grieving Paris
なげきのロラン,Grieving Loran
たそがれシモン,Twilight Simon
たそがれペニー,Twilight Penny
なげきのラモン,Grieving Ramon
なげきのトニオ,Grieving Tonio
なげきのミラン,Grieving Milan
わがままステラ,Selfish Stella
うわさのカミラ,Camila's Rumor
ねむりのダンス,Dance of Sleep
ひゃくれつなめ,Tongue Bashing
おまとめぶくろ,currencies bag
ならず者の酒場,Rogue's Tavern
いにしえの遺産,Ancient Legacy
うごくせきぞう,Living Statue
ぬめぬめエキス,Slimy Extract
まぼろしのトゲ,Phantom Thorn
びっくりサタン,Dancing Devil
ろうごくのぬし,Prison Leader
ばくだん岩・強,Vicious Rockbomb
まおうのつかい,Demon-at-arms
せつげんりゅう,Tundragster
ももいろ三姉妹,Slime Sisters
えんまのつかい,Envoy of Yama
ぬすっとウサギ,Robber Rabbit
どろにんぎょう,Mud Mannequin
おっかけドラゴ,Chasing Drago
あくま神官・強,Vicious Wrecktor
はじゃのつるぎ,Cautery Sword
ぎんのレイピア,Silver Rapier
きせきのつるぎ,Miracle Sword
あくまのタクト,Devil's Baton
ぎんのかなづち,Silver Hammer
ちからのゆびわ,Strength Ring
しんぴのカード,Ace of Spoils
はやてのベスト,Agility Gilet
きぬのローブ上,Silk Robe Top
てつのはちがね,Iron Headband
ぬすっとずきん,Robber's Hood
ぎんのこしだれ,Silver Faulds
いやしのズボン,Healing Pants
がうがうパンツ,Bow-Wow Pants
いやしのブーツ,Healing Boots
みかわしのくつ,Evasion Boots
はやてのブーツ,Agility Boots
がうがうブーツ,Bow-Wow Boots
しぐさ書・ねる,Emote "Sleep"
ふしぎなきのみ,Seed of Magic
しぐさ書・怒る,Emote "Angry"
うんメェ～もち,Fortune Mochi
しぐさ書・綿毛,Emote "Fluff"
しぐさ書・宝箱,Emote "Chest"
しぐさ書・パー,Emote "Paper"
ようせいの霊薬,Faerie Elixir
しぐさ書・木箱,Emote "Crate"
いやしのスープ,Soothing Soup
すごろくダイス,Sugoroku Dice
うきわのタワー,Floatie Tower
おたからのタネ,Treasure Seed
ゆうきさんの絵,Yuki Painting
お城の大きい壁,Castle Wall L
びっくりトマト,Killer Tomato
しもふりミート,Supreme Steak
せいじゃのはい,Saint's Ashes
せいれいの霊薬,Spirit Elixir
ほっそりキノコ,Slim Mushroom
たそがれラミー,Twilight Rami
わがままプーラ,Selfish Puula
わがままノンノ,Selfish Nonno
たそがれバルト,Twilight Bart
わがままミャコ,Selfish Myako
うわさのルチア,Lucia's Rumor
うわさのピピィ,Pippi's Rumor
どうぐコマンド,Items command
まえならえ・前,Hands on Hips
しましまな写真,Jailcat Photo
かいとうの仮面,Mugger's Mask
すごろくルーム,Sugoroku Room
いただきボール,Itadaki Ball
さいほうギルド,Sewing Guild
ごきげんな帽子,Cheerful Hat
くれないジャム,Deep Red Jam
ようがんイチゴ,Lava Berries
まりょくの練魂,Sorcery Soul
ようせいの光粉,Fairy Powder
さそりばち・強,Vicious Waspion
さんぞくウルフ,Ruff Ruffian
ほのおのせんし,Flamethrower
しびれだんびら,Paralyslicer
どくどくゾンビ,Toxic Zombie
かっちゅうアリ,Armoured Ant
くものきょじん,Cloud Surfer
くろカビこぞう,Fromage Gray
しんせんなイカ,Squid Trophy
こんとんのかげ,Chaos Shadow
がらんどうの間,Hollow Space
めぐみのしずく,Sprout Drops
ひかりのつるぎ,Aurora Blade
よるのパピヨン,Dread Dagger
せいどうのやり,Bronze Lance
まどろみのこん,Sleepy Stick
はやぶさのツメ,Crow's Claws
せいどうのツメ,Bronze Claws
ぶらり旅の荷物,Travel Bindle
はやてのリング,Agility Ring
めざましリング,Rousing Ring
とんがりメガネ,Pointy Specs
まもの使いの証,Proof of MON
どうぐ使いの証,Proof of ITM
なみだのシール,Tear Sticker
てつのむねあて,Iron Cuirass
もみじのゆかた,Maple Yukata
がうがうスーツ,Bow-Wow Coat
はがねのかぶと,Steel Helmet
しんりのぼうし,Faithful Hat
あらくれパンツ,Thug's Pants
さすらいのくつ,Errant Shoes
きぬのサンダル,Silk Sandals
あらくれブーツ,Thug's Boots
まほうの小ビン,Single Phial
いのちのきのみ,Seed of Life
しぐさ書・カニ,Emote "Crab"
しぐさ書・グー,Emote "Rock"
けんじゃのいし,Sage's Stone
ふくびきウェア,Lottery Wear
はじまりの紋章,Origin Crest
すごろくマット,Sugoroku Mat
まんまるポテト,Budding Spud
じょうぶな材木,Sturdy Stick
もこもこブーツ,Fluffy Boots
もこもこズボン,Fluffy Pants
ささやく枯れ葉,Witherleaves
わがままアンナ,Selfish Anna
おしゃべりチノ,Chatty Chino
うわさのリーザ,Lisa's Rumor
おたからの地図,Treasure Map
しんぴのさとり,Caster Sugar
めいどうふうま,King Fissure
ほのおのかぶと,Flame Helmet
むらさきダリア,Grape Dahlia
くだものナイフ,Fruit Knife
きたないメダル,Dirty Medal
とうぞくのカギ,Thief's Key
じごくのヤスリ,Hell's File
こわれたポンプ,Broken Pump
よごれたバッジ,Dirty Badge
ようかいオイル,Soluble Oil
ふたごのドクロ,Twin Skulls
はりつきあくま,Belly Stick
ちょうろうじゅ,Antiquitree
てっこうまじん,Bad Karmour
まだらイチョウ,Bud Brother
まいまいテイル,Snaily Tail
ようがんトーチ,Lava Candle
ほうだんアント,Dull Deetle
じゃあくなかげ,Evil Shadow
こおりのやいば,Icicle Dirk
らいじんのやり,Storm Spear
まじゅうのツメ,Beast Claws
いやしのメガネ,X-Ray Specs
かいけつマスク,Marveling Mask
いやしのぼうし,Healing Hat
てつのこしだれ,Iron Faulds
てつのうであて,Iron Armguards
うろこのブーツ,Scale Boots
みちくさコイン,Dawdle Coin
ふくびきインク,Lottery Ink
お菓子のベンチ,Sweet Bench
せいれいのいと,Spirit Yarn
こうもりのはね,Wing of Bat
いかずちのたま,Thunderball
とうこんエキス,Aggressence
さいほう職人帽,Sewer's Hat
しなやかな材木,Bendy Stick
かがやきの樹液,Sparkly Sap
いにしえの樹液,Ancient Sap
わたげプリズム,Fluff Prism
やいばのルアー,Pointy Lure
しぐさ書・掘る,Emote "Dig"
いさましいツノ,Brave Horns
かぜのグローブ,Wind Gloves
おしゃべりピピ,Chatty Pipi
おしゃべりリサ,Chatty Lisa
おしゃべりレナ,Chatty Lena
おしゃべりロデ,Chatty Rode
おしゃべりルナ,Chatty Luna
うわさのキャス,Cass' Rumor
けだるいコリー,Lazy Collie
ぶきみなひかり,Spooky Aura
ふしぎなおどり,Weird Dance
お祝いシャワー,Celebration
あまいろダリア,Flax Dahlia
うすあいダリア,Pale Dahlia
ある当主の仮面,Master Mask
ちいさなメダル,Mini Medal
いざないの石碑,Zoomethyst
こんじきオイル,Golden Oil
やわらかソード,Soft Sword
ほのおのつるぎ,Fire Blade
つららスライム,Slimecicle
じごくのつかい,Whackolyte
いしにんぎょう,Dirty Dogu
しにがみきぞく,Bone Baron
どんぐりベビー,Mitey Oak
ゆめにゅうどう,Napir
ふくめんバニー,Rottontail
てまねきリング,Beckonring
やみよの荒獅子,Dark Pride
あらくれパンダ,Ursa Panda
やぐら北エリア,north fort
やぐら南エリア,south fort
ひかりのタクト,Glow Stick
はけスティック,Brush Wand
えいゆうのやり,Hero Spear
せいどうのオノ,Bronze Axe
さんぞくのオノ,Bandit Axe
こあくまネイル,Infernails
うろこのかぶと,Scale Helm
ひつじのずきん,Sheep Hood
あらくれマスク,Thug's Mug
ごうかなランプ,Fancy Lamp
おもちゃの草花,Toy Plants
どうのこうせき,Copper Ore
ぎんのこうせき,Silver Ore
おいしいミルク,Fresh Milk
おでんプリズム,Oden Prism
もみじのアーチ,Maple Arch
もこもこニット,Fluffy Hat
けだるいエリー,Lazy Ellie
おしゃべりメル,Chatty Mel
けだるいベリー,Lazy Berry
まえならえ・後,Front Arms
らいじんの太鼓,Storm Drum
やわらかねんど,Soft Clay
うつしよのカギ,World Key
だいおうキッズ,Squid Kid
ともしびこぞう,Wickerman
たつじんのオノ,Pro's Axe
てつのかなぼう,Iron Club
にちりんのこん,Solar Rod
みわくのリボン,Hypnowhip
むぎわらぼうし,Straw Hat
おもいでのすず,Evac-u-Bell
お菓子のベッド,Sweet Bed
どくどくヘドロ,Manky Mud
うるわしキノコ,Belle Cap
やわらかウール,Lambswool
へびのぬけがら,Snakeskin
やわらかい材木,Soft Wood
けだるいリリー,Lazy Lily
けだるいメリー,Lazy Mary
おどるほうせき,Goodybag
ひとつめピエロ,Jinkster
きりかぶこぞう,Stumpkin
いっかくウサギ,Bunicorn
みならいあくま,Winkster
くみひもこぞう,String Fella
とうぞくこぞう,Pilferer
ふさふさの毛皮,Fine Fur
おおきなリボン,Ribbon L
あんこくのきり,Dark Fog
うちわであおぐ,Wave Fan
あばれこまいぬ,Foo Dog
ちょうネクタイ,Bow Tie
ふしぎなぼうし,Mad Cap
れんごくちょう,Hybird
やまたのおろち,Orochi
きしんのまそう,Poker
おしりペンペン,Spank
じゃんけんパー,Paper
じゃんけんグー,Rock
あくまの衣装２,Imp Costume 2
あくまの衣装３,Imp Costume 3
かぼちゃ姫衣装,Pumpkin Princess Outfit
さいほう練習着,Sewer Training Wear
きせかえドール,Dress-Up Doll
ひまわりの水着,Sunflower Swimsuit
さそりグローブ,Scorpion Gloves
もこ耳ニット帽,Fluffy Ears Knit Hat
ねこ耳ニット帽,Cat Ears Knit Hat
わだつみの竜手,Sea God Dragon Hands
わだつみの竜足,Sea God Dragon Feet
うつろいの試薬,Reagent of Change
さすらいの詩人,Wandering Poet
それぞれの覚悟,Each One's Resolve
じんめんちょう,Batterfly
くろがねの巨人,Darksteel Giant
おおきづち・祖,Ancestor Hammerhood
ねこまどう・祖,Ancestor Meowgician
たまねぎキング,Onion King Slime
まいしんベリー,Strawbergine
へんげのかばん,Mod Bag
さいほう素材屋,Sewing Material Shop
いちころゾール,One-shot Serum
ぷくぷくシール,Bubbles Sticker
お花の自販機,Flower Vending Machine
ぎんの女神像,Silver Goddess Statue
あやしい本棚,Suspicious Bookshelf
お正月の門松,New Year Pine Decor
さくらレンズ,Cherry Blossom Lens
ふしぎな水鏡,Weird Water Mirror
はぐれメタル,Liquid Metal Slime
みきわめの石,Ascertaining Stone
どれいへいし,Undentured Servant
あおだけ童子,Green Bamboo Child
じげんりゅう,Wyrmhole Dragon
いざないの間,Hall of Invitation
ぱふぱふ天国,Puff Puff Paradise
いしずえの森,Cornerstone Forest
お菓子合成屋,Confectionary Shop
はがねの大剣,Carbon Steel Claymore
まふうじの杖,Staff of Antimagic
けんぽうぎ下,Tussler's Trousers
げんぶの腕帯,Black Turtle Armbands
げんぶのくつ,Black Turtle Shoes
お月見だんご,Moon Viewing Dumplings
まもりのたね,Seed of Resilience
お月見便せん,Moon Viewing Paper
おとぎ話の家,Nursery Tale House
お城の木の柱,Castle Wood Pillar
あさぎの花束,Light Blue Bouquet
あの日の約束,Promise of the Day
あの味の秘密,That Secret Flavor
どうぐ倍化術,Item Doubling Tech
ぞうきん掛け,Use Cleaning Cloth
ふた色の旋律,Melody of 2 Colors
お供えだんご,Offering Dumpling
なぞの金属板,Weird Metal Plate
でんげキノコ,Electric Mushroom
くずれた灯台,collapsed lighthouse
はがねの大盾,Steel Greatshield
はがねのムチ,Spiked Steel Whip
くノ一の手甲,Kunoichi Wrist Guards
せんこう花火,Fireworks Display
お花見便せん,Blossom Viewing Paper
うるわしの館,Beautiful Mansion
ごうかな燭台,Fancy Candlestick
お月見の障子,Moon Viewing Shoji
たりない何か,Something Lacking
まどろみ温泉,Sleepy Hot Spring
よろず屋ウカ,General Shop Uka
くらやみ飛天,Soaring Darkness
うたウーノン,Khalamari Singer
よろず屋ウニ,General Shop Uni
けしからん水,Scandalous Water
つむりんママ,Mama Snail Slime
だいまじんＤ,Stone Guardian D
だいまじんＥ,Stone Guardian E
だいまじんＦ,Stone Guardian F
やいばのこて,Spiked Gauntlets
まもりのくつ,Safety Shoes
くすしのくつ,Apothecary Shoes
ちからのたね,Seed of Strength
ゆめみの銀箱,Dreamy Silver Box
ゆめみの銅箱,Dreamy Copper Box
ゆめみの竜箱,Dreamy Dragon Box
あやしいイス,Suspicious Chair
お城の木の壁,Castle Wood Wall
まほうの樹木,Spellbound Bough
まじゅうの皮,Magic Beast Hide
すごろく戦士,Sugoroku Warrior
あずきの花束,Red Bean Bouquet
おきらく大根,Delicious Daikon
せいけん突き,Knuckle Sandwich
まもりのたて,Holy Impregnable
だいまじんＡ,Stone Guardian A
だいまじんＢ,Stone Guardian B
だいまじんＣ,Stone Guardian C
ふゆぐんそう,Winter Sergeant
くじ屋チトセ,Lottery Chitose
さびついた剣,Tarnished Sword
なめしエキス,Tanning Extract
こげ茶のビン,Dark Brown Vial
どくやずきん,Bodkin Fletcher
あくまのきし,Knight Aberrant
がいこつ・凶,Wicked Skeleton
みたらし団子,Mitarashi Dango
まどろみの手,Slumbering Hand
やみよの鬼神,Dark Fierce God
やみよの邪鬼,Dark Headhunter
その他の場所,Other Locations
さいほう設備,Sewing Facility
みかがみの泉,Mirror Fountain
はざまの回廊,Passage Between
ふしぎな姿見,Mystery Dresser
てつのつるぎ,Iron Broadsword
いかずちの杖,Lightning Staff
さじんのやり,Sandstorm Spear
はしゃのオノ,Conqueror's Axe
なげきのこん,Rod of Mourning
さくら色の傘,Cherry Umbrella
はがねのこて,Steel Gauntlets
まほうのこて,Magic Gauntlets
きせきの香水,Miracle Perfume
あわあわ水着,Bubbly Swimsuit
お菓子の本棚,Sweet Bookshelf
やわらかい肉,Succulent Steak
せいれいせき,Enchanted Stone
にちりんの書,Book of The Sun
すごろく僧侶,Sugoroku Priest
お正月の屏風,New Year Screen
ふわふわ人魂,Floating Spirit
いっぱつの盾,One Shot Shield
ゆめみの極箱,Very Dreamy Box
しにがみの鎌,Reaper's Scythe
ゆうたの印章,Good Night Stamp
やいばくだき,Attack Attacker
かばうの心得,Improved Whipping Boy
がいこつ召喚,Summon Skeleton
お祝いリボン,Congrats Ribbon
ほのおのこて,Flame Gauntlets
お札つきの柱,Talisman Pillar
くらげブーツ,Jellyfish Boots
みちびきの盾,Guidance Shield
あかねダリア,Dark Red Dahlia
みかんダリア,Mandarin Dahlia
おばけトマト,Haunted Tomato
くじ屋ハピピ,Lottery Hapipi
くじ屋ピタリ,Lottery Pitary
めでたチキ坊,Happy Chickibo
おそうじ童子,Sweepy Samurai
ふしぎな小箱,Mysterious Box
もうどく胞子,Venomous Spore
たまねぎマン,Loathsome Leek
とげこんぼう,Spiked Club
くさった死体,Walking Corpse
ぼうれい剣士,Phantom Fencer
もみじこぞう,Leafy Larrikin
とうろうへい,Bamboolinquent
まかいしつじ,Hell's Steward
やみよの暴霊,Dark Entourage
けがれの谷底,Defiled Depths
ともしびの木,Lamplight Tree
まどうしの杖,Wizard's Staff
うみなりの杖,Watermaul Wand
えんぶのこん,Driller Pillar
まよけのすず,Banishing Bell
ぬすっとの服,Robber's Tunic
くノ一の足袋,Kunoichi Socks
しんりのくつ,Faithful Shoes
おもさのたね,Seed of Weight
ゆめみの金箱,Dreamy Gold Box
ゆめみの闇箱,Dreamy Dark Box
お祭りの足袋,Festival Socks
お正月の鏡餅,New Year Mochi
ふわふわ小麦,Wondrous Wheat
ちょうのはね,Butterfly Wing
まほうの金具,Magic Fittings
すごろく盗賊,Sugoroku Thief
こがねの花束,Golden Bouquet
さくらの花束,Cherry Bouquet
いっぱつの杖,One Shot Staff
ふうじんの盾,Tempest Shield
よみがえり節,Revival Clause
まものつかい,Monster Master
しらふじいろ,white wisteris
お重をどうぞ,Offer Food Box
きこえなーい,Can't Hear You
うさぎの行灯,Rabbit Paper Lantern
くじ屋ラキー,Lottery Rakky
くじ屋ユウユ,Lottery Yuuyu
くじ屋ルンル,Lottery Runru
くじ屋セレプ,Lottery Celep
おまんじゅう,Steamed Bread
かがり火の石,Bonfire Stone
きれいな包み,Pretty Parcel
くさった指輪,Decaying Ring
かげろうの実,Heatful Fruit
まごころ駅弁,Sincere Boxed Lunch
まるい石ころ,Smooth Pebble
わらいぶくろ,Bag o' Laughs
かえんムカデ,Grillerpillar
がいこつ・強,Vicious Skeleton
よろいのきし,Knight Errant
なげきの亡霊,Tortured Soul
おにこんぼう,Night Clubber
さくらこぞう,Scary Blossom
てつのさそり,Iron Scorpion
なげきムーン,Mourning Moon
にじくじゃく,Prism Peacock
こぶたの線香,Incense Stick
やまざこの町,Yamazako Town
やぐらエリア,fort area
せいどうの盾,Bronze Shield
みかがみの盾,Silver Shield
りんねの大盾,Big Brain Drainer
あまぐもの杖,Staff of Rain
てんびんぼう,Carrying Pole
くわえ葉っぱ,Mouth Leaf
けんぽうぎ上,Tussler's Top
どくけしそう,Antidotal Herb
まんげつそう,Moonwort Bulb
ゆめみの天箱,Dreamy Sky Box
お星様の風船,Star Balloons
とこしえの虹,Eternal Rainbow
たそがれゴケ,Moonrise Moss
すごろく賢者,Sugoroku Sage
さんごの花束,Coral Bouquet
そうびぶくろ,equipment bag
お宝ハンター,Itemised Kill
ひたむきな心,Earnest Heart
どうぐ最適術,Item Optimize
お札つきの壁,Talisman Wall
あやかし障子,Ghostly Shoji
お庭用釣り堀,Fish Pond (G)
あやシイタケ,Suspishiitake
しぐさ用イス,Gesture Chair
くじ屋チアア,Lottery Chia
くじ屋ピース,Lottery Pisu
たたきモグラ,Mashing Mole
おすもっこり,Sumo Baby
おそうじぼう,Cleaning Rod
ぼろぼろの扇,Tattered Fan
ぶちスライム,Mottle Slime
ゆめみの化身,Dream Avatar
くびなが大師,Blue Giraffe
なげきの魔像,Lord Magmoai
ほねコウモリ,Bat Skeleton
げんじかぶと,Genji Beetle
はずれメタル,Fool's Goold
すいしょう玉,Crystal Ball
つるぎの酒場,Doom 'n' Gloom
どうのつるぎ,Copper Sword
はやぶさの剣,Falcon Blade
せいれいの杖,Spirit Staff
ようせいの杖,Faerie Staff
おおかなづち,Sledgehammer
しゅらのこん,Knockout Rod
ものほしざお,Laundry Pole
まよけのツメ,Sacred Claws
あくまのムチ,Demon's Whip
たてごとの弓,Harp Bow
ばんそうこう,Bandage
ほしのシール,Star Sticker
うろこのこて,Scale Gloves
ぎんのブーツ,Silver Boots
うつくしそう,Pretty Betsy
めざめの秘石,Secret Stone
こがねマリー,Golden Marie
あったか火鉢,Warm Brazier
かぐや姫の畑,Princess Kaguya Field
じょうぶな枝,Sturdy Stick
かがやきそう,Glimmergrass
しなやかな枝,Bendy Branch
ほしのカケラ,Lucida Shard
りゅうのツノ,Dragon Horns
あやかしの木,Ghostly Tree
お正月の絵馬,New Year Ema
まものレンズ,Monster Lens
けしケシ印章,Eraser Stamp
うららかな日,A Bright Day
それは訪れる,It Will Come
さみだれうち,Rain of Pain
はやぶさ斬り,Falcon Slash
さそうおどり,Sultry Dance
けがれの大蛇,Toxic Viper
ましょううお,Salamangler
こはくの宝珠,Amber Jewel
ぬくぬくどり,Polar Polly
どくイモムシ,Illerpillar
ましょうぐも,Demon Cloud
きめんどうし,Lump Shaman
たけやりへい,Bambooligan
ほねリーダー,Bone Idol
こつぶザクロ,Pomegranate
まじんブドゥ,Djinn Genie
くびかりぞく,Head Hunter
とげジョボー,Disfigurine
きまぐれ爆弾,Fickle Bomb
むくろカサゴ,Corpse Fish
たびのとびら,travel door
ゆめのかけら,Dream Shard
はがねのやり,Steel Lance
やしゃのこん,Slaying Rod
はがねのツメ,Steel Claws
あくまのツメ,Cobra Claws
かりうどの弓,Potshot Bow
ひつじのくつ,Sheep Shoes
めざめの鬼石,Demon Stone
お菓子のイス,Sweet Chair
ほのぐらい柱,Gloomy Pillar
いちょうの木,Ginkgo Tree
さくらローズ,Cherry Rose
あやかしそう,Narspicious
やわらかい枝,Soft Branch
ふしぎな海草,Water Sedge
せいれいの粉,Spirit Dust
ぎんのルアー,Silver Lure
わがままメイ,Selfish May
もっと光を！,More Light!
けがされた扇,Injured Fan
さみだれ突き,Multithrust
どうぐつかい,Item Master
うつしよの箱,Worldly Box
たいこを叩く,Beat a Drum
お手紙レンズ,Letter Lens
くちづけの花,Kiss Flower
しびれくらげ,Man o' War
あずかりツボ,Stored Pot
はめつの使者,Archbashop
おむつっこり,Bushy Baby
れんごく天馬,Tantamount
ごうけつぐま,Ursa Minor
ひえたお弁当,Rice Balls
らせつのこん,Taming Rod
ほのおのツメ,Fire Claws
いばらのムチ,Thorn Whip
ゆうわくの弓,Fuddle Bow
うさぎのお面,Bunny Mask
てつのブーツ,Iron Boots
げんこつアメ,Fisticandy
ねこじゃらし,Cat Teaser
うごく箱舟号,Moving Ark
まりょくの土,Royal Soil
するどいキバ,Cruel Claw
ぶどうエキス,Finessence
まほうの材木,Magic Wood
ようせいの粉,Pixie Dust
ほりいゆうじ,Yuji Horii
かぜのマント,Wind Cloak
かぜのブーツ,Wind Boots
なかまレンズ,Party Lens
ふたりの未来,Our Future
ばくれつけん,Multifists
せいけん爆撃,Glove Bomb
まんねん菌床,Old Fungus
てすとちゃん,Test-chan
お菓子のビン,Candy Jar
いねかりぞく,Harvester
はがねのオノ,Steel Axe
まほうのカギ,Magic Key
たいらな甲骨,Flat Bone
どくろあらい,Haardvark
りゅうぐう王,Nessicure
あまからぼう,Candy Kid
こおりのツメ,Ice Claws
へびのおうぎ,Cobra Fan
ばしょうせん,Frond Fan
かぜきりの弓,Blowy Bow
きんのゆびわ,Gold Ring
まだらくも糸,Tangleweb
どくがのこな,Coagulant
おもちゃの木,Toy Trees
おもちゃの岩,Toy Rocks
よるのとばり,Evencloth
もみじのラグ,Maple Rug
ふたつの運命,Two Fates
おうぎのまい,Fan Dango
とうこん討ち,Clap Trap
だいじなもの,Key Items
じんめんじゅ,Treeface
おばけヒトデ,Scarfish
おばけキノコ,Funghoul
とこよアゲハ,Agehafly
ひとくいばこ,Cannibox
まかいじゅう,Gnumesis
じごくのヌエ,Vermil Lion
あらなわ明神,Angerope
いろいろ設定,Settings
てつのおうぎ,Iron Fan
きぬのぼうし,Silk Hat
きつねのお面,Fox Mask
あやめの染料,Iris Dye
おもちゃの池,Toy Pond
てっこうせき,Iron Ore
みかわしそう,Slipweed
げんこつダケ,Fisticup
かぜのぼうし,Wind Hat
どうぐぶくろ,item bag
どうぐかばん,item bag
じゃんぼりぃ,Janbori
ずしおうまる,Sintaur
ふぶきのオノ,Ice Axe
こあくまの弓,Imp Bow
おにごっこ帽,Tag Cap
つきのめぐみ,Lunaria
まもりのきり,Mist Me
ねる・その２,Sleep 2
ねる・その３,Sleep 3
ぐんたいガニ,Crabid
おおくちばし,Beakon
あやしいかげ,Shade
まおうのかげ,Umbra
と言われた。,""
と頼まれた。,""
あくまの衣装,Imp Costume
しにがみの服,Reaper's Robes
さいほう職人,Sewer
お正月レンズ,New Year's Lens
お知らせ広場,Notification Square
はじまりの地,Land of Beginnings
ちいさな花束,Small Bouquet
やまびこの陣,Echoing Circle
なぞの黒騎士,Mystery Black Knight
がいこつ・祖,Ancestor Skeleton
こころの結晶,Heart Crystal
うつろいの布,Changing Cloth
ゆらめく妖花,Flickering Flower
ごきげんよう,how do you do
たちきりバチ,Buzzbee
なまくらバチ,Dull Bee
こんじきの雲,Golden Cloud
ぬいぐるみ1,Plushie 1
ぬいぐるみ2,Plushie 2
ぬいぐるみ3,Plushie 3
ぬいぐるみ4,Plushie 4
ぬいぐるみ5,Plushie 5
ぬいぐるみ6,Plushie 6
ぬいぐるみ7,Plushie 7
ぬいぐるみ8,Plushie 8
ぬいぐるみ9,Plushie 9
りゅうき兵,Mandrake Mercenary
いやしそう,Superior Medicine
ふうまの盾,Dampening Shield
お天気風船,Weather Balloon
あなうめ弟,Younger Brother
とろろ将軍,Singin' Hibiscus
あやしい本,Suspicious Book
こごえる魂,Freezing Spirit
ご神体の間,Hall of Worship
かしの大盾,Oak Greatshield
おおばさみ,Sizable Scissors
さばきの杖,Staff of Sentencing
とつげき丸,Barracuda Blade
ぎんのこて,Silver Gauntlets
ゆめみの花,Sleeping Hibiscus
あやしい木,Suspicious Tree
おたから花,Treasure Flower
さばきの鎌,Scythe of Sentencing
お花の福袋,Flower Grab Bag
つながる心,Connected Heart
くじけぬ心,Undaunted Heart
よろず屋１,General Shop 1
よろず屋２,General Shop 2
よろず屋３,General Shop 3
あなうめ妹,Younger Sister
はざまの扉,Threshold Door
なげきの涙,Tears of Grief
だいまじん,Stone Guardian
ふくまねき,Fortune Weaver
やみしばり,Hellbound Horror
しびれ砲弾,Numbing Shells
けがれの谷,Defiled Valley
そなえの場,Place of Preparation
どうの大剣,Copper Chopper
したんの弓,Sandalwood Bow
てつのこて,Iron Gauntlets
ふくびき券,Lottery Ticket
するどい爪,Twisted Talons
げんませき,Ethereal Stone
お菓子の釜,Sweet Cauldron
いなせな畳,Chic Straw Mat
おにびの像,Will-O' Statue
ちょびヒゲ,Small Mustache
まもの使い,monster master
たいぼく斬,Poplar Toppler
げんま解放,Spirit Release
なめまわし,Tongue Lashing
りんねの盾,Brain Drainer
やみわらし,Viper Spittle
あなうめ兄,Older Brother
くじ屋サチ,Lottery Sachi
しのどれい,Dead Resident
しもべの証,Servant's Proof
まんぷく丸,Riceball Baby
ひかりゴケ,Luminous Moss
かげのきし,Dark Skeleton
やみの獣士,Dark Moosifer
お宝ゾーン,Treasure Zone
やみの妖眼,Dark Lunatick
てつの大剣,Cast-Iron Claymore
ぎんの短剣,Silver Dagger
すざくの弓,Vermilion Bird Bow
いやしの服,Healing Shirt
はねぼうし,Feathered Cap
わらぞうり,Straw Sandals
ふしぎな豆,Mysterious Beans
ひかりの石,Brighten Rock
おぼろ水晶,Nebulousphere
ある兵士長,Soldier To Be
あの花は今,Flower is Now
かぶと割り,Helm Splitter
いやしの雨,Right as Rain
げんま召喚,That Special Summon
かっちゅう,suit of armor
かいしん率,critical rate
どくけし茶,antidotal tea
まほうの盾,Magic Shield
くじケース,Lottery Case
こんぶ大将,Caterwaulin'
かげわらし,Slickspittle
そよ風の浜,Breezy Beach
おみくじ屋,Fortune Shop
うろこの盾,Scale Shield
ひかりの杖,Bright Staff
どうのツメ,Copper Claws
くさりがま,Chain Sickle
むげんの弓,Purblind Bow
とりなお草,Indigo Grass
まほうの柱,Magic Pillar
お菓子の柱,Sweet Pillar
さとりそう,Thinkincense
うまのふん,Horse Manure
どうの延板,Copper Plate
ぎんのクギ,Silver Nails
うつろい草,Kaleidograss
とある助手,An Assistant
かまいたち,Wind Sickles
なぎはらい,Party Pooper
しばり打ち,Trammel Lash
もろば斬り,Double-Edged Slash
しゃぼん玉,Blow Bubbles
お宝ゲット,Get Treasure
ぼうそう率,haywire rate
つちわらし,Lickspittle
お月サマー,Summer Moon
なぞのツボ,Mystery Pot
なぞの小箱,Mystery Box
まじない石,Spell Stone
おおがらす,Stark Raven
うみぼうず,Shipwrecker
やみの甲竜,Dark Wyrtle
みそぎの間,Purify Hall
てつの大盾,Iron Shield
こおりの杖,Shiverstick
まがんの杖,Hocus Locus
はねおうぎ,Feather Fan
てつかぶと,Iron Helmet
やりなお草,Azure Grass
ぶとうぎ２,Strongsam 2
きよめの水,Fresh Water
どうぐ使い,item master
まじん斬り,Hatchet Man
けもの突き,Cattle Prod
かえん斬り,Flame Slash
ぶんまわし,Helichopter
におうだち,Forbearance
かわいがる,Pet Monster
つるぎの舞,Sword Dance
あおりんご,light green
てれるなあ,embarrassed
きりかぼう,Stump Chump
りんごの皮,Apple Peel
ふゆほへい,Frost Burn
まほうの玉,Magic Ball
ねこまどう,Meowgician
おおきづち,Hammerhood
たてまじん,Peekabogre
がいこつⅡ,Skeleton Ⅱ
がいこつⅢ,Skeleton Ⅲ
がいこつⅠ,Skeleton Ⅰ
てつのやり,Iron Lance
どうのオノ,Copper Axe
かしのこん,Oaken Pole
てつのツメ,Iron Claws
まほうの壁,Magic Wall
お菓子の壁,Sweet Wall
もみじの木,Maple Tree
みがきずな,Glass Frit
つけもの石,Flintstone
けものの皮,Hardy Hide
てつのクギ,Iron Nails
ふかみどり,dark green
ろくしょう,green rust
きぞくねず,noble gray
おそなえ２,Offering 2
わらし人形,Child Doll
お庭用タル,Barrel (G)
きなこづち,Honeyhood
のぼり階段,staircase
かわきの石,Thirstone
きせいじゅ,Tree Sage
ももんじゃ,Platypunk
おにこぞう,Pickayune
のろいの岩,Dreadrock
しっぽ爆弾,Tail Bomb
わかめ王子,King Kelp
ろうがぼう,Sadistick
てつのムチ,Iron Whip
じごくの弓,Oh-No Bow
めざめの花,Wakerobin
まんねん雪,Permasnow
きれいな枝,Pink Pine
のっぺら顔,Flat Featureless Face
あめレンズ,Rain Lens
らせん打ち,Hypnowhip
しんだふり,Play Dead
たいあたり,Body Slam
うすざくら,pale pink
ゆめみの箱,Dream Box
お茶を飲む,Drink Tea
そうびひん,equipment
お庭用木箱,Crate (G)
けがれの渦,Epidemex
きつけそう,Softwort
あくま神官,Wrecktor
ばくだん岩,Rockbomb
ひくいどり,Firebird
ふくのかみ,God of Fortune
おおさそり,Scorpion
ふこうもり,Bat Luck
てつのオノ,Iron Axe
しおかぜ草,Waveweed
てなづける,Win Over
やっつけた,defeated
ふゆうじゅ,Monolog
さそりばち,Waspion
しわくちゃ,Wrinkly
ちょうはつ,provoke
お庭用ツボ,Pot (G)
ぺルドンカ,Pardonk
うしのふん,Cowpat
こがねいろ,golden
むきーっ！,Argh!
つかうもの,items
しろはなだ,white
ひざまずく,kneel
くやしがる,pout
にゃにゃん,Meow
ねこちゃん,Cat
つまみ食い,Eat
りゅうおう,True Dragonlord
ぬいぐるみ,plushie
ついてクン,Pet
なぞの魔狼,Mysterious Wolf
ひとくいが,Betterfly
りゅう兵士,Mandrake Mangler
ぼっちゃま,young master
こころの器,Heart Vessel
どくばり,Poison Needle
ばけガニ,Rabid Crabid
ぷちドス,Stickybreath
やみ凶鳥,Dark Gargoyle
よろず屋,General Shop
まとめ屋,Summary Shop
たけやり,Bamboo Spear
ねこひげ,Cat Whiskers
やくそう,Medicinal Herb
ながぐつ,Rubber Boots
ひばしら,Pyre o' Fire
がっくり,disappointed
ほ乳ビン,Baby Bottle
やみ亡者,Dark Shadow
かがみ石,Mirrorstone
ためる弐,Psyche Up 2
ためる参,Psyche Up 3
みやぶる,Eye for Trouble
おはらい,Benediction
だいだい,sour orange
うぐいす,green-brown
いねむり,Nodding Off
こんぼう,Oaken Club
せいすい,Holy Water
とげウニ,Ouchy Urchin
かるいよ,It's Clear
めいそう,Meditation
こげちゃ,dark brown
どうぐ屋,Item Shop
みやげ屋,Souvenirs
かしの杖,Oak Staff
ぶとうぎ,Strongsam
いなずま,Lightning
きまぐれ,Whimsical
ぱふぱふ,Puff-puff
しゅいろ,vermilion
しらあい,pale cyan
しっこく,jet black
うめねず,pale plum
のうこん,deep blue
おどろく,surprised
おちこむ,depressed
あやまる,apologize
まーるし,Marlluxie
がいこつ,Skeleton
ちびゴラ,Dinkagon
やぐら前,fort
まきの束,Firewood Bundles
きんかい,Gold Bar
かくとく,received
ふじいろ,wisteris
すごろく,Sugoroku
はくしゅ,applause
おそうじ,cleaning
まぶしい,Dazzling
おそなえ,Offering
ぺネロぺ,Penelope
にわとり,Chicken
せんれき,Records
おたけび,War Cry
くちぶえ,Whistle
ふくびき,Lottery
ひっさつ,Special
おねだり,begging
もじもじ,Bashful
おまいり,worship
つばくろ,Zubakro
ぺルソン,Peruson
ゆうれい,specter
たまぞう,Tamazo
わたぼう,Fluffy
にんじん,carrot
んういち,Nuichi
きむこう,Nester
よれよれ,Shabby
おうえん,Egg On
まっちゃ,matcha
けいれい,salute
おびえる,scared
おいのり,prayer
あらまあ,Oh My!
べニーズ,Benize
さくせん,Misc.
たいまつ,Torch
じゅもん,spell
にんげん,human
みのがす,Mercy
むらさき,grape
ほほえむ,smile
ひやかす,tease
かかげる,Raise
りデーラ,Della
ぺイジー,Peiji
ゆうぼん,Horii
ごろつき,Hood
おとし玉,New Year's Gift
つかいま,Wimp
あまいろ,flax
うすあい,pale
あみあみ,mesh
すぎやん,Sugi
よろこぶ,joy
うなずく,nod
でアール,!
すばやさ,agility
きようさ,deftness
かんぢん,Kanzan
えびせん,Shrimp Snack
あれくす,Trunks
さいほう,sewing
どらきち,Vlad
やぐら,fort
みそぎ,purification
あさぎ,light blue
かき氷,shaved ice
お面屋,Mask Shop
そうび,equipment
ためる,Psyche Up
ぬすむ,Half-Inch
お弁当,lunch box
あずき,red bean
あかね,dark red
みかん,mandarin
おにび,Will-O'
たき火,Bonfire
くじ屋,Lottery
じわれ,Fissure
てれる,shyness
ころも,clothes
ふくコ,Fukuko
げんま,spirit
うける,Accept
ひつぎ,coffin
さくら,cherry
なやむ,ponder
なでる,stroke
ご主人,master
りんご,Apple
まいこ,Maiko
うきわ,Float
くりす,Chris
とくぎ,skill
かばう,Whipping Boy
さんご,coral
ひとみ,pupil
しぐさ,emote
あくま,Demon
こぶた,piggy
まぅろ,Mauro
おでん,Oden
みるく,Milk
ゆぅき,Yuki
どうぐ,item
いのる,pray
のぞく,peek
まわる,spin
おうぎ,fan
めんこ,pog
ぶくろ,bag
すわる,sit
おじぎ,bow
ぼうし,hat
おもさ,weight
あしれ,Ashire
きぜい,Kizei
もぐた,Digby
お箸,chopsticks
お札,amulet
つぼ,vase
